"","ID","Symbol","EG","RefSeq","logFC","AveExpr","t","P.Value","adj.P.Val","B"
"11104","BU2LP1VoHoj2ptP6ec","Nptx2","53324","NM_016789",2.07699102517948,7.8165589020352,10.0003167395414,1.8728085145147e-10,3.19201483213886e-06,12.9649326122627
"9910","Bl6sQCJX0rn.unAOPE","Mdga2","320772","NM_207010",1.67432818042282,7.94982647280745,9.53193744419774,5.08234267874506e-10,4.33117243082654e-06,12.1380826480468
"14183","Q01Pazr.VLV_xE16.g","Slc24a3","94249","NM_053195",2.46713974084739,9.88750711149546,7.60838382142821,4.14354238088252e-08,0.000235408454465872,8.37111668990529
"5072","NQhFSDqcRMQaFRt5Ts","Cldn10","58187","NM_023878",3.69203599101105,9.54993592805085,7.09101452990101,1.46954636862045e-07,0.000626173707669175,7.25628381647275
"7997","6rEUf1T0oNLm0Fe7hU","Gpr84","80910","NM_030720",-1.17715826204466,7.30563766830202,-6.78347824279017,3.16770489489149e-07,0.00107980724457061,6.57436590732573
"5074","EN5vFj1FrtlB5Ci9V0","Cldn10","58187","NM_021386",3.94682091005378,9.48890421591682,6.17147317501946,1.50728454491154e-06,0.00420729964155862,5.17819691958024
"5073","6vuQiB7XRDLX1Cndew","Cldn10","58187","NM_021386",4.47361073149204,11.5381656687925,6.11857254611946,1.72794517078798e-06,0.00420729964155862,5.05527641888727
"3003","WFeIH_6ueg01IYKV5I","Ap2a1","11771","NM_007458",1.32138031300187,8.35212260362027,5.80476927735393,3.90586157361078e-06,0.00807181316835337,4.31968248248079
"13633","B6z_6f9jAwxDBKw.TM","Dse","212898","NM_172508",-1.08065101985769,7.15248639615127,-5.75174528127589,4.48653229920561e-06,0.00807181316835337,4.1943770870391
"16220","xtlyOqbznX.YiIAJyE","Upp2","76654","NM_029692",-0.915072995089327,7.42199798992422,-5.73107627373981,4.73586785282409e-06,0.00807181316835337,4.14545936918472
"10010","oVIUp0kET4t_r1KBfk","Mark2","13728","NM_007928",1.29879388141772,8.73303070038254,5.64885820272548,5.87444795535988e-06,0.00841920196279622,3.95048120768384
"720","xcWST4CUY_VcR7wJK4","2310005G13Rik","69457","NM_183281",-1.03667502920559,7.26579657871453,-5.62386674414307,6.27261987448148e-06,0.00841920196279622,3.89109461323428
"7582","TaMuZ_nkIeg0vlPt.o","Rap1gap2","380711","NM_001015046",1.8211418326324,9.04294716829135,5.6040656669993,6.60736864321718e-06,0.00841920196279622,3.84400341283732
"9468","f1F4FVv0OIOe_1gEdI","Lgals9","16859","NM_010708",1.72236082016642,9.14888403714649,5.56461723848978,7.32901568382358e-06,0.00841920196279622,3.75008784059069
"3297","l3c3oF6nnIERbdVNxI","Aspscr1","68938","NM_198223",1.04845025481082,9.61307970114129,5.56046140836168,7.40953000715462e-06,0.00841920196279622,3.74018646616639
"1508","xhHSUe_roQoAQ05TRI",NA,NA,"XR_035399",-0.944503599746921,7.3569078016418,-5.53099292857105,8.00664242368848e-06,0.00852486143110475,3.66993684525594
"15809","9VVAhzEYr.0ueR_sko","Trim31","224762","NM_146077",1.86653987570559,7.85478353037116,5.50814434384213,8.5028540441669e-06,0.00852486143110475,3.61542069337435
"11880","W4l6QG56PnlRVJ4euQ","Pex6","224824","NM_145488",1.34704988275881,9.75973209554202,5.45392017573049,9.80827730304501e-06,0.0092873487973944,3.48588239627733
"3028","0Uu.isiQigetQlKVTU","Apbb1","11785","NM_009685",1.13137663244299,10.2645975026926,5.422258135753,1.06621555499526e-05,0.00956451469438904,3.41014295791006
"3002","iwV5kUkCJe3VtH7uJ4","Ap2a1","11771","NM_001077264",1.37918710115542,8.99517322175797,5.35034914290694,1.28903572293161e-05,0.00958711260383766,3.23786806523185
"4682","usvRN.EAk5.VzVPqVE","Cd200","17470","NM_010818",1.42233066080196,8.53775107014344,5.34879485840778,1.29433794255063e-05,0.00958711260383766,3.23414059480451
"6205","fuq3uxb3dshft9eQwE","Diras1","208666","NM_145217",-0.801941517646863,7.54295727158008,-5.33444093491437,1.34435421707275e-05,0.00958711260383766,3.19970980337367
"11400","B_q9872DKz5TpUTkdc","Olfr360","258615","NM_146622",-0.74233288492047,7.38167729757371,-5.31230698064838,1.42532174323538e-05,0.00958711260383766,3.14659149060683
"11388","ckHsxD9_RI1N3wRPrY","Olfr206","258993","NM_146991",-0.721672039122999,7.63422998111525,-5.31021780972754,1.43321317526818e-05,0.00958711260383766,3.14157620821482
"2315","xqX24gIUk3006GCQeU","Abcc8","20927","NM_011510",1.11387957941029,7.47206852757105,5.28714446459443,1.52334876893087e-05,0.00958711260383766,3.08616849722483
"6421","frRfecTOSciFcIARHo",NA,NA,"XM_001476495",-0.816661859273434,7.35956384247912,-5.27692918830609,1.56505617148803e-05,0.00958711260383766,3.06162765824925
"4346","64JM.OxM76Uo04Dl14","Atp13a5","268878","NM_175650",1.06814407104658,7.38287432580109,5.26853604564683,1.60018267485866e-05,0.00958711260383766,3.04145968818693
"15546","ocldV4T6FxESESlH_s","Tmem88","67020","NM_025915",-0.946557565110765,7.53822070878835,-5.25361231401136,1.6646114894705e-05,0.00958711260383766,3.00558930467566
"11369","iqne5CsfsAoACiHCHI","Olfr1384","258464","NM_146472",-0.775028850893546,7.46543558231982,-5.25175917233486,1.67279194699904e-05,0.00958711260383766,3.00113424934736
"5150","NnvRsPo8PO_L3.oUBc","Clta","12757","NM_016760",1.00967166030817,8.47277412590973,5.24845554769411,1.68747581621174e-05,0.00958711260383766,2.99319167502213
"8441","ldN0zV6kdrcuJv_004",NA,NA,"XM_001478074",-1.78379828704288,12.7031674467139,-5.23353979217554,1.75540411072506e-05,0.00965132505264448,2.95732368163453
"11437","EVXTc6rWRQkjyoWPfI","Olfr692","258352","NM_146355",-0.865601627112675,7.43284675407384,-5.19892955071124,1.92380985300656e-05,0.0101510439257198,2.87405013276607
"16120","KSJeIvEmpEaiLy_wkU","Ube3b","117146","NM_054093",1.02398015588298,10.3226040679112,5.19084952054273,1.96540981899058e-05,0.0101510439257198,2.85460030238281
"4248","QhL4ZCXBItX3sVv72s","Fam19a4","320701","NM_177233",1.33245704171536,7.78868973216361,5.14107427756441,2.2423860705282e-05,0.0112409494664949,2.73471322207647
"8453","3qCiXoRLhEET3QKV5I","Hmgxb4","70823","NM_178017",-0.90823381720953,7.35953373215472,-5.1270379927292,2.32735746466592e-05,0.0113335658936474,2.70088491833801
"7125","65hJ6FOmHe.hdUh_uc","Fbxl12","30843","NM_013911",-0.743937752396611,7.77327589724776,-5.11310786974702,2.4148841053122e-05,0.0114331346363725,2.66730385230207
"8980","o.lEJt2o_7_HXt7UIE","Isl1","16392","NM_021459",-0.839589896509444,7.25399471695247,-5.09244747795168,2.55082419784149e-05,0.0117503371967596,2.61748302741823
"3149","W0qfR1SJFV8NVH.Sls","Arhgef1","16801","NM_008488",0.972240474796747,9.29873186115492,5.06556756224343,2.73925557035504e-05,0.0122348240530687,2.55263840659988
"15202","6nhxAVShqgFPieacvI","Tcn2","21452","NM_015749",1.80727618279805,9.80804273652436,5.05040785973643,2.85162569455346e-05,0.0122348240530687,2.51605516052524
"6417","9tcXwaFf3dW7e3_0t4",NA,NA,"XR_031422",1.24037720633678,10.98059229304,5.04780880684717,2.87135039968757e-05,0.0122348240530687,2.50978229914786
"9696","0..XffXvNLL3g7yM.8","Gm12657","667250","NM_001081019",1.40533438874244,11.059116242251,5.02254288573769,3.07037902208659e-05,0.0124060898846253,2.44879006179606
"6540","Ht3k.6.8hFMiDThUFE","Themis","210757","NM_178666",-0.975318897833929,7.22487978462463,-5.01948109828269,3.09541967675386e-05,0.0124060898846253,2.44139737952966
"5104","N.DgVNfHddHEF51zUU","Clec4e","56619","NM_019948",-1.07397003617669,7.38878956306367,-5.00853520196238,3.1866272426003e-05,0.0124060898846253,2.41496599593838
"3331","BrSvSnBHwPJHeeiJJ4","Atoh8","71093","NM_153778",1.63992517201388,8.06198260960645,5.00663907314231,3.20269863250125e-05,0.0124060898846253,2.41038696198868
"6775","H7kVQugdzu7ie6Q4TY","Cela3b","67868","NM_026419",1.34478118689627,7.84667580350957,4.97479928333072,3.48504263413676e-05,0.0129418676179946,2.33347926702325
"9395","xGJWpKUbhUafddVXl0","Laptm4b","114128","NM_033521",-0.79736511618788,7.25493867041952,-4.96406440760956,3.58575639849624e-05,0.0129418676179946,2.30754293189721
"1039","EJ5NUkk6OVQgqE6Jx0","Eva1b","230752","NM_172145",1.27693420508044,8.27348018804198,4.95737464780936,3.64998963505283e-05,0.0129418676179946,2.29137832458923
"14139","HQoJVMvNJRcBSoVJec","Slc16a3","80879","NM_001038653",-0.931517526097515,7.21782056687707,-4.95126890491577,3.70962153201249e-05,0.0129418676179946,2.27662384920961
"16725","r30kIuhfW0hUgI6XvE","Zdhhc13","243983","NM_028031",-1.18785198058374,10.4957307428928,-4.95014814754154,3.72067304201911e-05,0.0129418676179946,2.27391544281566
"2195","We.iku64Om64lIFTSo","Fam53b","77938","NM_212473",1.1847724100772,9.00179029420772,4.92871169856337,3.93851984943788e-05,0.0134256264627638,2.22210636085928
"1553","0tdSk0ST1JBcJo9.J0","Ube2dnl2","75097","NM_001081661",-0.71122170768305,7.47541348319684,-4.86637966102519,4.64731951537693e-05,0.0151617043739682,2.07140076599971
"483","Eqp3pN5SCP38AO7ezk","Samt3","73495","NM_028554",-0.794067612231751,7.45109222048705,-4.86378569630706,4.67943869609418e-05,0.0151617043739682,2.0651275384641
"9668","cjBXCpksukRM166wUE","Gm5820","545253","NM_001033789",-0.829902389268596,7.69661604133334,-4.86095988736124,4.71468159950901e-05,0.0151617043739682,2.0582934970323
"6717","cSR2RAjneinMsu7frQ","Eif1a","13664","NM_010120",-0.967484897599945,11.8303958396572,-4.85111024642323,4.83961443770446e-05,0.0152752571252287,2.03447179058367
"6005","E_pCAU4ewZ0yOUNHlc","Dclre1b","140917","NM_133865",-0.802681393870269,7.54685326385756,-4.83930723484594,4.99369598757972e-05,0.0153230707009872,2.0059239260775
"7159","oCiDe9JJeBxhtklCCI","Fbxo32","67731","NM_026346",-1.02077485229346,7.71794885740648,-4.83484704573892,5.05319101831121e-05,0.0153230707009872,1.99513560507349
"1639","uq8TJJ9ShEevzMjeWQ","4933416C03Rik","619332","NR_003651",-0.757681553077383,7.53536441974577,-4.82614068758552,5.17137762000634e-05,0.0153230707009872,1.97407591429434
"13946","9idJbeV_DY5X_O7lGw","Srsf4","57317","NM_020587",0.852530358264259,11.0460088511014,4.82302253113116,5.21437515053543e-05,0.0153230707009872,1.96653322801954
"9343","fel65dtEULeFENeIUI","Krt32","16670","NM_010665",-0.892057300245642,7.45149200953493,-4.80390357239291,5.4859463070197e-05,0.0156763062286091,1.92028300888053
"15402","ZnCRFXEig3igohyo64","Tkt","21881","NM_009388",-0.941640076579652,7.39073801772981,-4.80093506222014,5.52936262732278e-05,0.0156763062286091,1.91310163732778
"2319","x_3A_UE4sV5SRKK4eo","Abcd1","11666","NM_007435",1.07827667621822,8.75361934660949,4.79544899873398,5.61050621887558e-05,0.0156763062286091,1.89982964139266
"11404","3w8u3XOXM.6yQ14g1c","Olfr419","258710","NM_146715",-0.738094005759574,7.43151725230032,-4.78465852597506,5.7735978232367e-05,0.0158718066611687,1.87372441993964
"14175","rofuiA5Ec3Tg96lHfU","Slc22a4","30805","NM_019687",-1.31466685786933,7.43880877608957,-4.76683501005328,6.05343746351638e-05,0.0163769504965354,1.83060260940121
"12699","0LU1CH5llv311FN42Y","Pthlh","19227","NM_008970",-3.02653892148074,8.72695008607891,-4.75464511746292,6.25259494169143e-05,0.016651441904092,1.80110977139696
"12047","6XVN7X7Ht_.dWFPuwE","Pitpnm2","19679","NM_011256",1.97700701806982,11.0573404540956,4.73476805169279,6.59148741797561e-05,0.0172838940849194,1.75301730094946
"4884","KRlF0grgv.j2NEHPJA","Celsr1","12614","NM_009886",1.21450472863162,8.60834772475639,4.7288142752966,6.69652401406069e-05,0.0172932659538864,1.73861206884265
"10143","3OCSqcREkB5Vsi160U","Megf10","70417","NM_001001979",-0.967222034849701,7.49248883270028,-4.71942335173191,6.8656083381685e-05,0.0173038540507894,1.71589063249835
"14743","6SMOHtU0vH4DHM3v7U","Srp19","66384","NM_025527",-0.795210260914477,7.39043863814409,-4.71734110687765,6.90367328944897e-05,0.0173038540507894,1.71085263054777
"8997","3pOoEL3fSd6nJeoB9U","Itgad","381924","NM_001029872",-0.934368578676609,7.27412914522866,-4.70184271740044,7.19369852498674e-05,0.0175080788330167,1.67335447681551
"14239","lKF2iniB8HnghGhHXk","Slc2a1","20525","NM_011400",-1.9927787603621,11.4511643361911,-4.70087339713004,7.21223681682419e-05,0.0175080788330167,1.67100924138768
"11730","Hk0XlQJLEJrSkX5IkE","Pcolce","18542","NM_008788",2.10080218437301,9.85940233917304,4.69245009661187,7.37535484144454e-05,0.0175080788330167,1.65062952244912
"5226","fCrVbXXiFA0VJhH7.I","Col17a1","12821","NM_007732",-0.85766095520382,7.40435309542538,-4.6913950614872,7.39604362812251e-05,0.0175080788330167,1.64807694368075
"2248","0X7d_XqnE7sEf_7p40","AA792892","100554","NM_178894",-0.737400951479169,7.505771745793,-4.68391765640529,7.54434261006887e-05,0.0176144897871252,1.62998608012249
"3338","ZpOQ6o4kr_nBS79fWU","Atp11c","320940","NM_001037863",-0.990334877989932,7.5983001628919,-4.66007955498492,8.03723127460753e-05,0.0184754893206829,1.57231447037643
"7292","3L.V3Syl6pJHFPX15U","Fkbp8","14232","NM_010223",1.05112877098123,11.3036560305496,4.65576073223828,8.1299090533397e-05,0.0184754893206829,1.56186640752358
"4991","9M8UCCP8nLCxeAOdAg","Chrac1","93696","NM_053068",-0.760530111140076,7.55140861148706,-4.64904981894329,8.27603952339417e-05,0.0185601075837803,1.54563176611009
"15316","oWX30npBFQpXtIAub0","Theg","21830","NM_199226",-0.774734879332504,7.55433305088445,-4.63822192855712,8.51736376816819e-05,0.0186822372075503,1.51943856310485
"7926","oflNeOAHliiB_hZIvU","Gpd2","14571","NM_010274",-1.09590680005514,9.55170221262691,-4.63679341637734,8.54972132239454e-05,0.0186822372075503,1.51598301932648
"2964","lgUftUs4Rd8c3SSXuQ","Anpep","16790","NM_008486",2.08183691411926,8.99353194827795,4.61969028234866,8.94678530139449e-05,0.0192090263325435,1.4746128390034
"3940","coF9yKV5MF4BXh27GU","Rimkla","194237","NM_177572",1.54697587912731,8.22443726170276,4.6165707723495,9.02116630000593e-05,0.0192090263325435,1.46706758706652
"2801","3sT07sXEs.x_vTwBdU",NA,NA,"XM_001475816",1.24794129690387,9.5173514067174,4.61209731292117,9.12890831340076e-05,0.0192090263325435,1.45624774346513
"11918","HpdK1.uXfnn_U9TS6U","Pgm5","226041","NM_175013",-1.27020572495357,7.94636666878817,-4.59842244470236,9.46628602074652e-05,0.0194884735200486,1.42317459986849
"9467","BFFl4IH5KM0EdyC6as","Lgals9","16859","NM_010708",1.19096784943019,9.51902844222782,4.59612296480581,9.5242261401134e-05,0.0194884735200486,1.41761352806454
"13798","QVreUO3T2P3Sj1E5C4","Selp","20344","NM_011347",-1.73260041710861,8.51337590365135,-4.59295067433112,9.60473935510493e-05,0.0194884735200486,1.40994179673537
"11934","Nusi790D7c_yQKb.7Y","Phf12","268448","NM_174852",0.806349447719882,8.35475160505728,4.58056249055461,9.92570543317896e-05,0.0199027909886003,1.37998447807043
"1601","udDrktKbjeleUee3NE","Prss41","71003","NM_027644",-0.912310310827511,7.24471583164745,-4.56957142087545,0.000102194130658404,0.0200796440450703,1.35340814909403
"8190","lt7ozwqgSjMe6KfXj0","Gzmd","14941","NM_010372",-0.8253202242261,7.48150964093942,-4.56846242622453,0.000102495249467326,0.0200796440450703,1.35072674393063
"16010","il9eUuH3uV03XR76P8","Twist2","13345","NM_007855",-0.755379799875291,7.19864374378234,-4.55982157023925,0.000104871937781998,0.0203117875858679,1.32983516920769
"3425","WkKIs.yV7onNdD5EUk","Atxn3","110616","NM_029705",-0.756057478717039,7.80423618687851,-4.55102055646211,0.000107349137046117,0.0205389896476229,1.30855806347491
"11415","xVFH_qpEQ1dTflE0_4","Olfr503","259143","NM_001011527",-0.904926037898988,7.48626484562914,-4.54552090803923,0.000108926620479384,0.0205389896476229,1.29526316269446
"3136","TpRUAo6RfiJSlFCB.M","Arhgap22","239027","NM_153800",-1.57976056953619,8.65015097397021,-4.54229343834269,0.000109863098422167,0.0205389896476229,1.28746138435039
"10541","Whe2L4SehzsDufbupU","Msmb","17695","NM_020597",-0.937254056153443,7.1788084837317,-4.53886990400649,0.000110865233958068,0.0205389896476229,1.27918593646663
"13526","ZUVUeEUQncCDUuJRVc","Rreb1","68750","NM_026830",-0.736136766499962,7.27251210713515,-4.53204652889274,0.000112889810562329,0.0205696967608336,1.26269319004689
"14024","uWouJ.t1JBS6IoBXic","Shc3","20418","NM_009167",-0.773001806318339,7.24800127939248,-4.5208609672695,0.000116288665670868,0.0205696967608336,1.23565924934523
"8685","cHp.1iDqu2Iq7qqOYs","Id3","15903","NM_008321",1.24274552877203,9.1148896585934,4.5207488189539,0.000116323254124424,0.0205696967608336,1.23538821956718
"5013","llCgOad8UCJ1SAfUSo","Chst4","26887","NM_011998",1.12249355235067,7.61095017055296,4.52062014958813,0.000116362950572331,0.0205696967608336,1.23507726365311
"14120","lKZd5H.QgXhI4.kfxU","Slc12a7","20499","NM_011390",1.35514317870312,9.18047338979276,4.51244686190072,0.000118912374539129,0.0205696967608336,1.21532578139604
"2691","f0K4kN64qXG1JnFnH0","Scaf1","233208","NM_001008422",1.27184406406992,9.13698712859214,4.51018954647877,0.000119626229675275,0.0205696967608336,1.20987110965803
"5610","9Qqa0AL_X4V4JVXr0g","Cxcl2","20310","NM_009140",-0.933640078215691,7.36459422624682,-4.50546056957578,0.000121135587474413,0.0205696967608336,1.19844429070382
"9601","frnTu.6oQK4Di3vtEU",NA,NA,"XM_001477568",1.45984165378873,11.9114106977447,4.50404974217039,0.000121589545584743,0.0205696967608336,1.1950353785182
"15884","cqQRfif67gQVIXnUuU","Try4","22074","NM_011646",-1.01572383717346,7.05981129824114,-4.49659783723713,0.000124015572258045,0.0205696967608336,1.17703070288865
"6109","KXizrJ_j_KAg5AObIo","Gm15386","654464","NM_001040027",-0.757117582887427,7.45450181282027,-4.4899102310889,0.000126233770484208,0.0205696967608336,1.16087411765769
"11345","0cNFNdPtet3zo.te_k","Olfr1102","228228","NM_207154",-0.801154979989858,7.16355095189656,-4.48855572147917,0.000126687831543729,0.0205696967608336,1.15760192996491
"496","EVJ1DtccnqonDQE5zw","H2afb1","68231","NM_026627",-0.82364172115107,7.47989335022824,-4.4865526339757,0.000127362291209215,0.0205696967608336,1.15276303285541
"11351","i0viRz9ILX7dc_dzzc","Olfr1141","258630","NM_146637",-0.738278690647459,7.26789894151453,-4.48424751156494,0.000128142872827979,0.0205696967608336,1.14719466429065
"3296","i4V7NXot4lDZ4o6pHo","Aspscr1","68938","NM_198223",0.922508083485203,9.20276455524019,4.48240485778202,0.000128770271906219,0.0205696967608336,1.14274358230858
"15951","NpRJRKUCopz0tfr4Ks","Ttc7","225049","NM_028639",1.03870859350156,9.41390316771324,4.48110810422599,0.000129213631053028,0.0205696967608336,1.13961123403056
"849","uqQlclcf1NVQIdKJ7o","Plin5","66968","NM_025874",-0.672564793809919,7.23148470935407,-4.47585228956355,0.000131026200456025,0.0205696967608336,1.12691622279088
"2498","9URJNeu4iNcO7PMBR4","Adam24","13526","NM_010086",-0.668786093711208,7.39259754643755,-4.4734024826541,0.000131879687400579,0.0205696967608336,1.12099922214017
"13755","l0CREHkR0SldJ9ViUQ","Sec14l1","74136","NM_028777",1.04546218154701,9.62430197985396,4.47090795772227,0.000132754438141968,0.0205696967608336,1.11497442465178
"13806","rp.0vawiwZC6PsMIEM","Sema3e","20349","NM_011348",-0.76010506354666,7.30144600682899,-4.4624027111862,0.000135780584641738,0.0206716283349429,1.09443410697911
"7290","ESEV5SV4e8dSvRESyQ","Fkbp6","94244","NM_033571",-0.681663390376368,7.28368826306882,-4.46224325103366,0.000135837970752969,0.0206716283349429,1.09404903231445
"11083","xU97gkohXRJ1RQVUvQ","Npepl1","228961","NM_213733",0.908653645024609,11.0140486957764,4.4555974668037,0.000138251218431299,0.0208526882030359,1.07800117785115
"9623","BsoqIKXCgV6IrAp71U","Accsl","381411","NM_001033452",-0.754606031023558,7.20063660525264,-4.4471376635705,0.000141384971673103,0.0210132795229221,1.05757528245156
"16620","ri.jDez_jODqNNRV5E","Xrn2","24128","NM_011917",-0.902052248663092,8.16108206009091,-4.44608001426931,0.000141781691218965,0.0210132795229221,1.05502181443807
"8645","EoX_1BP_fvSoEVeWEg","Htra1","56213","NM_019564",1.8652809891476,9.15385280144746,4.43041858272627,0.000147787461595076,0.0210556469457401,1.0172157074193
"853","WeH650SkXR6o84Uq3I","Lamtor1","66508","NM_025605",0.90753569992377,10.6110071214785,4.42672895443838,0.00014923876681121,0.0210556469457401,1.00831050102511
"6288","97zUIrSIdUXr576gnU","Dnase1","13419","NM_010061",-0.863758574549642,7.28680645283542,-4.42338849078522,0.000150564946875049,0.0210556469457401,1.00024850997966
"2820","WF4R_.56e17X4IPnRo","Aldh3a1","11670","NM_007436",3.22632419059249,11.1626054433552,4.42328021518354,0.000150608128286828,0.0210556469457401,0.999987201565117
"10189","ZIWefSlGVIkqAnEidA","Mfi2","30060","NM_013900",-0.79035347902125,7.30213092103037,-4.41335485818529,0.000154619203439084,0.0210556469457401,0.976035786487067
"1801","0TtNcipRSd7dChSVCI","Rnf183","76072","NM_153504",-0.693366039643344,7.45805164242286,-4.41295722372767,0.000154782090712184,0.0210556469457401,0.975076320158753
"6710","3dW9PJcCTVJ0D0lUp8","Ehd3","57440","NM_020578",-0.921418527379704,7.76483676345118,-4.4117399504189,0.000155281796520947,0.0210556469457401,0.972139160240706
"5070","NvuFfuH3qvl55wUon0","Clcnkb","56365","NM_019701",-0.683344229607568,7.41717092804151,-4.41023513038782,0.000155901760850981,0.0210556469457401,0.968508266713564
"1143","iTXoYS6cbi5cQAZKRc","Tppp3","67971","NM_026481",2.4990428099006,9.18971532874882,4.40986679400699,0.000156053884595163,0.0210556469457401,0.967619543987894
"9909","0uQBCFxQcIPW6Oue_o","Mdga2","320772","NM_207010",0.95840213887296,7.46454644717578,4.40593373438523,0.000157687474142647,0.0210556469457401,0.958130217945404
"15984","6K.uerd6530e_XtH.8","Tubb2b","73710","NM_023716",-2.22637869233928,11.0184715513027,-4.40316223208814,0.000158848809927956,0.0210556469457401,0.951443798187928
"13276","c6EkalexUceX.cyFco","Ring1","19763","NM_009066",1.00323287771438,9.22529128297876,4.40305421482767,0.000158894243831597,0.0210556469457401,0.951183206770712
"11405","xBahOCnneCAd9R5V30","Olfr43","258706","NM_146711",-0.820296322811696,7.28683427196383,-4.40274659357452,0.00015902370535669,0.0210556469457401,0.950441073967533
"2279","9NOgeEOyeeHoJKpteU","Nacad","192950","NM_001081652",-1.47337249620788,7.70581964058028,-4.40064990871951,0.000159908885682629,0.0210556469457401,0.945382957416092
"5891","l7bUp7YIwlSqfG7N6I","Ept1","28042","NM_027652",-0.88600533885381,9.62725575748093,-4.39902535855077,0.000160598105077811,0.0210556469457401,0.941463970171544
"1664","ZBl9_ezl_hdousq2l4","Slc47a2","380701","NM_001033542",-0.714393645978839,7.39635604405323,-4.39055541112637,0.00016423960269428,0.0211098031889382,0.92103340748839
"8938","335_z__zAHsgXieTeI","Irak1bp1","65099","NM_022986",-0.773534875374914,7.59801576246165,-4.38622190712787,0.00016613431990309,0.0211098031889382,0.910581733725949
"369","3hgzJKQkkoAQMPusXo","Gm3486","100041729","XM_001477654",-0.903937756120856,7.40550582956685,-4.38188956611003,0.000168050234798477,0.0211098031889382,0.900133743455252
"1399","BVz15fKLl1c6fMxcrk","Ccdc93","70829","NM_029955",-0.687692334019214,7.222147210477,-4.37743082218327,0.000170044970528277,0.0211098031889382,0.889381846600721
"10135","TTq4XCn169O.vf7vHk",NA,NA,"XM_001478863",-0.864568873077139,8.0082447898191,-4.37419769112226,0.000171506090513039,0.0211098031889382,0.881586012624048
"10875","ZhLrhwTuWW27gbOR3o","Elane","50701","NM_015779",-0.719037742395567,7.51752912833653,-4.37285341693294,0.00017211726059075,0.0211098031889382,0.878344802881299
"2317","ojgiKAz.oMYRVoCXfo","Abcc9","20928","NM_021041",-0.678260326702102,7.19484439276263,-4.3722780903692,0.000172379491623221,0.0211098031889382,0.876957646986688
"13749","uapkhXgnv8YEVT.dYo","Sds","231691","NM_145565",-0.745931793612253,7.59056621013481,-4.36928462135007,0.000173750317480685,0.0211098031889382,0.869740428379193
"6044","ooQEgUjj24XUkkjfIk","BC100451","58251","NM_021440",-0.749543536060354,7.46058189313168,-4.36804380898229,0.000174321702900899,0.0211098031889382,0.866748973730803
"5701","ln6CAEX42Ul7uFx6Io","Dennd5b","320560","NM_177192",-0.698362517890179,7.80312222639603,-4.36752404733586,0.000174561603752749,0.0211098031889382,0.865495911351894
"14699","fVT6v5e2cHJMrVEiO4","Spred2","114716","NM_033523",-0.844801740317794,7.53669691116265,-4.36736475080835,0.000174635194182134,0.0211098031889382,0.865111875528637
"17001","6RRf9_u6f_kI.SdAl0","Zhx2","387609","NM_199449",0.975231264398124,8.32744301065326,4.35417065191956,0.000180838671528486,0.021615997939593,0.833307660444911
"14845","il6DA6sjtLQ.s6xOXU","Steap1","70358","NM_027399",-1.17713505448426,7.44563305164504,-4.35308388189036,0.000181359288040472,0.021615997939593,0.830688410322279
"16744","inAJODuEewUHXDjBe4","Crebzf","233490","NM_145151",-0.755407426256285,7.48753094127419,-4.34585495491262,0.00018486037468553,0.021863229788514,0.813267368421265
"11355","TocSAl91F7H1ReHlME","Olfr1167","258291","NM_146294",-0.655610149973862,7.25706241500139,-4.3396484125009,0.000187919785198977,0.021863229788514,0.798312380954674
"5108","coHteb22cfoS5vkggo","Clic3","69454","NM_027085",1.71241913845053,12.0269072560149,4.3389252092956,0.000188279529705897,0.021863229788514,0.796569919315282
"5172","Zp6QWCBJQTwiTacdoU","Cnga1","12788","NM_007723",-0.686589349687769,7.77134465405336,-4.33674596535067,0.000189367694454788,0.021863229788514,0.791319492581881
"5420","f3J3Fy.Hd3ogDRPDbc","Crisp1","11571","NM_009638",-0.813095037828171,7.28736875460936,-4.33578934021035,0.00018984733681648,0.021863229788514,0.789014788222135
"15034","T_FahFRXyeHbVFOuGc","Tacc2","57752","NM_001004468",-0.8247012501624,7.30318996929316,-4.33096161351189,0.000192286371073628,0.0218736265777869,0.777384576111193
"3847","oid6dTSh5I833iRHuA","Fam20a","208659","NM_153782",-2.25481696143758,9.6421165767234,-4.32821085086221,0.00019368997680898,0.0218736265777869,0.77075843819023
"7007","rqJR8oHXsdNfMlLv4o","Evx1","14028","NM_007966",-0.78494745796982,7.59416887978808,-4.32712343262811,0.000194247643686625,0.0218736265777869,0.768139141084205
"6658","xfL6O66dO13qXJHeik","Gm5113","330503","NM_001033540",-0.803999538435087,7.56548295823757,-4.31546353447471,0.000200328319032904,0.0218736265777869,0.740057775603629
"2024","6bDkE3kBENO5VRQFk0","Lrrc39","109245","NM_175413",-0.839025542634704,7.59164065851026,-4.31216059951316,0.000202084882784712,0.0218736265777869,0.732104492663281
"11391","07elSl9.u.lPqrFin8","Olfr257","404314","NM_207554",-0.846217516907029,7.36544023682628,-4.31180371096991,0.000202275595333461,0.0218736265777869,0.731245162792844
"11578","QEq0oF_h59TvLBZ10I","Pabpc2","18459","NM_011033",-0.868867310570037,7.2350277287988,-4.3105570366986,0.000202943190122453,0.0218736265777869,0.728243430975049
"12105","fBSCIPoEKnmpJKpd8s","Plaur","18793","NM_011113",-1.73413251355855,9.01857391136327,-4.31018731842569,0.000203141594414165,0.0218736265777869,0.727353243835545
"15267","QERc97p6N6euES9BV0","Gm3090","100041004","XM_001475697",5.7613087050379,9.67273178028737,4.30999829984288,0.000203243102999763,0.0218736265777869,0.726898138462723
"14623","cpIHgwHUQortSb25JU","Spag4","245865","NM_139151",-0.813231420605608,7.44283818754225,-4.30866497261279,0.000203960570159956,0.0218736265777869,0.723687908200358
"1040","xsejOoeXSpfQAHl3lU","Eva1b","230752","NM_172145",1.42925925286245,11.0446925069919,4.30832637983671,0.000204143167601709,0.0218736265777869,0.722872700456168
"14595","0f2TOzvKs5BJfyJ66U","Sox18","20672","NM_009236",1.37867488827149,9.86427365777558,4.30189656489944,0.000207641603023556,0.0218736265777869,0.707393337308004
"11669","f.d7_uupR_p16F6H5U","Pax9","18511","NM_011041",-0.734783176452295,7.17871891916872,-4.30098454178442,0.000208142623504752,0.0218736265777869,0.705197899431627
"15701","QohoFnEKCI6o5LKS54","Tpd52l1","21987","NM_009413",-0.963073502487403,7.53875342563853,-4.30010663397383,0.000208626035397867,0.0218736265777869,0.703084631478822
"14165","uqtIHf7ukA6BCLVy1c","Slc1a7","242607","NM_146255",-0.681214647721312,7.73551591226818,-4.29795030231163,0.000209818131845786,0.0218736265777869,0.697894184075367
"9550","WVu4pSLuKJCKKCOKKw","Nacad","192950","NM_001081652",-1.40230667199661,8.08698693348114,-4.29553431640524,0.000211161801518544,0.0218736265777869,0.692079062878021
"7725","HXgtCq.V3XcgCizcH8","Gjb5","14622","NM_010291",-0.794301982595038,7.32980971684961,-4.29234674286561,0.000212947662119097,0.0218736265777869,0.684407322210395
"5861","ll2wwtNOTdNRBwbhIU","Lrrc49","102747","NM_145616",-0.824028875965201,7.38245118079465,-4.29218596061971,0.000213038137286589,0.0218736265777869,0.684020373528852
"14560","WQBWIU8OPTWRQ4IL7A","Snx3","54198","NM_017472",0.824584599163318,9.94916447936925,4.27302864401015,0.000224095719305475,0.0226294580406961,0.637926668289028
"16758","6UASgRN1SJQF0Mmdhg","Zfp106","20402","NM_011743",-0.914683890372546,8.35440125306985,-4.26918626838614,0.000226381108607125,0.0226294580406961,0.628684471192563
"13754","64iTfwidAkRB5EdEpU","Sec14l1","74136","NM_028777",0.95634748769954,9.06162456498426,4.26706316035173,0.000227653797417494,0.0226294580406961,0.623578096636307
"14123","65fhSKp6Xfe4dynF0s","Slc12a9","83704","NM_031406",0.723518808700298,8.63683137539394,4.26559809540189,0.000228536158148085,0.0226294580406961,0.620054579631767
"8805","NVD3eZUAh_S5N18Znk","Il15","16168","NM_008357",-0.6413884520452,7.62325148976715,-4.26542085210093,0.000228643135605029,0.0226294580406961,0.619628314661263
"14617","3ohIqrQnBAJ_.3pHc4","Sp8","320145","NM_177082",-0.804910469591653,7.46830461147438,-4.26302496041773,0.000230094086415876,0.0226294580406961,0.613866466871089
"11343","BnkpVHf6nnfTzc3jdI","Olfr1085","258583","NM_146590",-0.73069546710431,7.49596565786995,-4.26244983801792,0.000230443736414045,0.0226294580406961,0.612483418807712
"10894","3V4pfntDngoZ43S0pM","Nek3","23954","NM_011848",-0.893712322666206,7.77194620355855,-4.261501852019,0.000231021221490326,0.0226294580406961,0.610203759978373
"9606","ZR7qQxNdhxzR55RZ5I","Zfp36l3","333473","NM_001009549",-1.00759836112182,7.25453949613494,-4.25777522982216,0.000233305305216162,0.0226460478498371,0.601242782561767
"6263","fhRalfL3Ylj5ceLd84","Dnajb4","67035","NM_027287",-0.81196254096146,7.36344675353281,-4.25689519182088,0.00023384794775706,0.0226460478498371,0.599126791602713
"6061","ogKB7ThP3uGgECBUq4","Ddt","13202","NM_010027",1.14010879050719,9.76622703869214,4.25278422080119,0.000236399439855617,0.0227637969090347,0.5892429302069
"11734","0UhEJ1_IvclNepdUek","Pcp2","18545","NM_008790",-0.754775108572384,7.03020841257283,-4.25063508136012,0.000237744274540675,0.0227646821082656,0.584076283192281
"254","64vj3z7s7AeVelH6cg","Ergic1","67458","NM_026170",-0.915784838197025,11.2697159542244,-4.24426607750218,0.000241774395265415,0.0230212446530935,0.568766697634033
"844","xVep1RRPVMV1EfQj6M","Slc25a23","66972","NM_025877",1.11695642802907,8.3092860531046,4.23571477771045,0.000247292048545253,0.0234158093078071,0.548215778558673
"4538","3abd7f7AtRON3e00iA","Cbfa2t3","12398","NM_009824",1.53150256727737,8.84333099422391,4.23244775064089,0.000249432847546007,0.0234263237609825,0.540365640629035
"10418","9nuUFU03H326nf0hNI","Mrgpra2b","235712","NM_153101",-0.674998753194743,7.71860460328202,-4.23041202128985,0.000250776082092885,0.0234263237609825,0.535474492924518
"13165","BYId3fkcu0Ic4EjqXU","Retnla","57262","NM_020509",5.29023563625382,12.5546671401132,4.22927946544295,0.000251526475490483,0.0234263237609825,0.532753483397567
"4747","ikaH4EFIdeyG71IHxo","Cd86","12524","NM_019388",-0.739617594759601,7.54537260970495,-4.21554750452324,0.000260803701365519,0.0240798491160903,0.499769241835911
"14347","KbuJdSTRV5JJwQl5Og","Slc6a12","14411","NM_133661",-1.12192952955825,7.56530238820913,-4.21472656826777,0.000261368932555545,0.0240798491160903,0.497797782709836
"5690","lOWEG0KkrRV6f89X3Y","Cyp4f18","72054","NM_024444",-1.35191208111762,7.78118672968072,-4.21124384148962,0.000263780380216559,0.0241713591419948,0.489434648019489
"11205","0qcc2Q6dZIno44gbeQ","Ntng2","171171","NM_133501",-0.789566862555263,7.32376401963886,-4.20576793350421,0.000267616533018212,0.0242846526364042,0.476287070404411
"6662","QiulRFHpKC5snUijsQ","Gm5382","385328","NM_001034100",-0.693716674249266,7.32465832805757,-4.20541398101003,0.000267866386742783,0.0242846526364042,0.475437312511048
"5446","re7QZTQrs6oaJurXc4","Crygn","214301","NM_153076",-0.790732740519731,7.41037143570025,-4.19959787152309,0.00027200518801643,0.0243938361395534,0.461475532900455
"10153","utzORu7yBYMdL.RSEQ","Mep1a","17287","NM_008585",-0.754622938147493,7.26696932945314,-4.19938364214729,0.000272158838638841,0.0243938361395534,0.460961316457303
"4765","BVTXRx7gVSJdnrSR_c","Cdc25b","12531","NM_023117",0.870631987235782,8.38025383492525,4.19714053348121,0.000273772820507119,0.0243938361395534,0.455577374945462
"5522","B9MFeehKKC8lCKh5eo","Ctdsp1","227292","NM_153088",0.930499770472527,8.35400238429114,4.19572581577783,0.000274795619502127,0.0243938361395534,0.452181946717135
"15621","Z6UI3iTxxKLo.zqkaE","Tnfrsf4","22163","NM_011659",1.48119579194432,8.72974833683458,4.19355522036767,0.000276372253856863,0.0244066771747999,0.446972653664437
"8268","0UsigEo_N8HgYAQB5M","Hars","15115","NM_008214",-0.580378485508839,7.65245795704603,-4.19119564363894,0.000278096314957933,0.0244323381038299,0.441310228565032
"10386","cjO6kSlnVyP.hePe7s","Mphosph6","68533","NM_026758",-0.926825078034186,10.1621880997007,-4.18330261425942,0.000283941203038296,0.0248072520113143,0.422371969284652
"8644","rV4E6_1kqkOCE_48W4","Htra1","56213","NM_019564",1.75633576905786,9.64171829760237,4.18152442126383,0.000285274665232199,0.0248072520113143,0.418106108257515
"9054","Z91ZQ3hu6J9ouu_xic","Jak3","16453","NM_010589",1.50176371006637,8.87139401412478,4.17691527023502,0.00028875997326119,0.0248803048362965,0.407049981068998
"15696","BURbkhDT.s6vCJRtto","Tpcn1","252972","NM_145853",1.25099290702319,10.7033728269427,4.1765548460536,0.000289034285237427,0.0248803048362965,0.406185490488684
"5158","fpKUsfTizPeivJKz_w","Cml1","66116","NM_023160",1.14313541816128,8.7801928076657,4.17082192706745,0.000293432328012811,0.0250144178126306,0.392436272578881
"8908","rmU.8kXuH.seeiKBp4","Inpp4b","234515","NM_001024617",-0.775321266274853,7.34749606097853,-4.16956309684655,0.000294406877165645,0.0250144178126306,0.389417583216766
"472","Eel6KIF7sI.k6HRU_E","Rffl","67338","NM_026097",-0.744929949137623,7.40937949104015,-4.16524134908035,0.000297777077338398,0.0250144178126306,0.379054959898027
"2485","rx4Dt4B4AT8dFzv8kI","Acyp2","75572","NM_029344",-0.611830636401542,7.87839704470482,-4.16407011156869,0.000298696990463538,0.0250144178126306,0.376246845772069
"1376","c9qs3RF41dFet5Kj3o","Klhl30","70788","NM_027551",-0.893202473995931,7.48045030455422,-4.16361481320275,0.000299055349139105,0.0250144178126306,0.375155270154103
"7469","Z93BFUdXvUL4ok7sl0","Fxyd2","11936","NM_052823",-0.684337263012789,7.42630131592829,-4.15924853296925,0.000302513652227399,0.0250144178126306,0.364687998751043
"6788","ZhqraNNXD87nMDPUrs","Elf3","13710","NM_007921",1.42464216983786,9.19009963908152,4.15645700616953,0.000304745374411059,0.0250144178126306,0.357996703824921
"4643","ECEe4M51HV58uVKq9I","Ccnt1","12455","NM_009833",1.14598448472602,8.61663927830521,4.1525751042086,0.000307875901082552,0.0250144178126306,0.348692854482521
"5445","leD31noOlEGFE6nXto","Crygn","214301","NM_153076",-0.792289667539423,7.28806266436687,-4.15107783628536,0.000309091841060975,0.0250144178126306,0.345104652473693
"2089","uizA.QuHN1IljJLvDs","A030009H04Rik","80515","NM_020591",-0.699473977637506,7.42017954492023,-4.15070662838813,0.000309394035096284,0.0250144178126306,0.344215081989939
"475","lbeief3D83sfQfZYro","Tex35","73435","NM_028540",-0.811371373116601,7.10569314696228,-4.15066779248031,0.000309425667626545,0.0250144178126306,0.344122015465132
"5654","Wp5JUgF6ZVCFKuJtfg","Cyp21a1","13079","NM_009995",-0.815034545764401,7.20905235950546,-4.15059621895378,0.00030948397390244,0.0250144178126306,0.343950496712027
"10911","xiivKrK0k45yjoiJ3s","Neu4","241159","NM_173772",-0.603247046631352,7.43224821008869,-4.15036603270897,0.000309671565270186,0.0250144178126306,0.343398881462091
"11723","o3JE7gX5ADKBIT0lSE","Pcm1","18536","NM_023662",-0.79262237517294,7.2660647272059,-4.14380311311543,0.000315067611082321,0.0251022919539266,0.327673470866519
"7921","QfKeTq19zrpenhSf7s","Gpc5","103978","NM_175500",-0.722761121824419,7.24822474301067,-4.14109228174587,0.000317323500445526,0.0251022919539266,0.32117911642969
"15161","cXk5JckcJK53pF4e0s","2210016L21Rik","72357","NM_028211",-0.629646272765783,7.41582962075686,-4.14080531581715,0.000317563239447756,0.0251022919539266,0.320491667272313
"7709","KuSTIgCJPkxeu8JVdk","Git2","26431","NM_001077359",0.993721027166737,9.22173210953733,4.13889598525202,0.000319162911171716,0.0251022919539266,0.315917897572893
"7036","WaiS3eR39RFf95aZ78","Ezh1","14055","NM_007970",-0.629925625021619,7.56749334038158,-4.13880403451122,0.000319240149923802,0.0251022919539266,0.315697639003726
"13189","Ejkn6iV5FU_X1AilAM","Rfxank","19727","NM_001025589",-0.720986747436874,7.48626345831687,-4.13838046973131,0.000319596183642459,0.0251022919539266,0.314683042409135
"11703","clHoiuAEijh1L_XUr0","Pcdhb1","93872","NM_053126",-0.73761567516228,7.48853585334108,-4.1344357030077,0.000322930926147259,0.0252478656204307,0.305234589392498
"15120","uzr9Rcg50nqgo4JTSc","Tbl1x","21372","NM_020601",-1.14317226372207,10.0380498509857,-4.13261701212908,0.000324479935280827,0.025248785284083,0.300878939222735
"11098","Zyghdenkoh1L94d5eo","Nppb","18158","NM_008726",-0.987097577442265,7.29570529179973,-4.13095086510703,0.000325905465999663,0.025248785284083,0.296888874759534
"4684","xB4v10IDB5KKBDTRwI","Cd200r1","57781","NM_021325",-0.726112969439169,7.24446848151819,-4.11725682430649,0.000337858835089089,0.0259447763684938,0.26410384559527
"6664","KRqUjeURSA1KI_eMK8","Gm5483","433016","NM_001082547",-2.32965665227218,7.72298597884408,-4.11717268281232,0.000337933604424174,0.0259447763684938,0.263902453206312
"1352","oPE5K3u7N_TwP9SXfs","3632451O06Rik","67419","NM_026142",-0.908247313578673,7.32303833231162,-4.11114857329727,0.000343329423634011,0.0261436908410609,0.249485423344436
"9357","EeL5IAJ_OPTPeCSwhI","Ktn1","16709","NM_008477",-0.707790801890639,7.44080238032664,-4.11008794932009,0.000344288203679171,0.0261436908410609,0.246947454765172
"5105","3oeEhSuuirS6Q6ujjE","Clec4e","56619","NM_019948",-1.11409526814266,7.58904557284406,-4.10916335961288,0.0003451261698685,0.0261436908410609,0.244735086194585
"11222","Top4F7q_ICn0iDjSxc","Nudt10","102954","NM_001031664",-0.859461734691931,7.47413785849638,-4.1030713015044,0.000350698074518094,0.0263359096687539,0.23015989400372
"6471","9R5Tkb13VmlO8FKAX0","Dyrk2","69181","NM_001014390",-0.70226397834132,7.30780127217433,-4.10186081536317,0.000351815744375332,0.0263359096687539,0.227264223030383
"1463","HvtEeRPyH0u2mvTEIs","Rictor","78757","NM_030168",-0.745092298482783,7.47791299498302,-4.10133839821598,0.000352299190593516,0.0263359096687539,0.226014561788745
"7590","6FWmRXUiHlROLdYA1E","Gas7","14457","NM_008088",-0.729124352098428,7.22517752913776,-4.0980145047146,0.000355390538412007,0.0263531217496071,0.218064149330413
"2684","xklBGBr7TuwRB.Y0WY","Srek1","218543","NM_172592",-0.858489258998103,7.35277387734726,-4.09659878935973,0.000356715330576514,0.0263531217496071,0.21467821488061
"5664","c_edE39dc_691EnoK4","Cyp2b13","13089","NM_007813",-1.00637988320297,7.17816334415125,-4.09611625929169,0.000357167984285334,0.0263531217496071,0.213524201274214
"8618","leyuSCcrS6Mkvu8lMk","Hspa9","15526","NM_010481",-0.769969098746106,13.9670473905724,-4.09112160366367,0.000361886849476665,0.0265489360746589,0.201580317363895
"6976","K.8FpLX257dFVezoTs","Esrrb","26380","NM_011934",-0.791308531092587,7.20849648736832,-4.09001859263524,0.000362937227493284,0.0265489360746589,0.198942966755817
"3364","QYGeIIfakkkwA_4C3Y","Atp5e","67126","NM_025983",1.00044472087988,10.1815451415733,4.08301103236555,0.000369681086340867,0.0269266856221954,0.182190255130105
"2396","NEBKQeChXsB.Rpej3o","Acbd5","74159","NM_028793",-0.726753265853018,7.8350258258785,-4.07116256220685,0.000381366278482036,0.0276596036189269,0.153875266192208
"1582","ieLzc5Ba7R.j.X_X90","Mgarp","67749","NM_026358",-1.72556767943247,7.55005184165057,-4.06916112747208,0.000383375817837794,0.0276829131984062,0.149093664206561
"5711","rgLMC5AgoaoIjFLAoU","Fam154b","330577","NM_177894",-0.671474214291962,7.5209631573343,-4.0676142942954,0.000384936072988868,0.0276829131984062,0.145398413677365
"4711","fH51fEM7469LU8Dnx8","Cd38","12494","NM_007646",-0.92486084577817,7.46910185662581,-4.06582895685502,0.000386744695748064,0.0276961201442437,0.141133689297107
"1230","loo.96cYf4ASPkbWTU","Ttc39c","72747","NM_028341",-0.87129474053588,7.81831534380227,-4.05990857332532,0.000392802533384218,0.0279810640997612,0.12699362745961
"4356","3JfT4U6IIvd6CKCv1s","Cyp2c67","545288","NM_001024719",-0.884836658436307,7.15066425735264,-4.05874217898244,0.000394007004455684,0.0279810640997612,0.12420825743297
"6713","rQX1SV1FLZxdINLnE4","Ehmt1","77683","NM_172545",-0.936577778737656,7.79937863750115,-4.05419696135407,0.000398735476738984,0.0279932525670002,0.113355495976839
"444","oZ34XzuRzJQhxtQFEQ","1700028K03Rik","76421","NM_182745",-0.71295805132176,7.33060483988888,-4.0533401958314,0.000399633037861388,0.0279932525670002,0.111310001745959
"6440","rXiBf4LjgfHC4IfJP0","Dusp19","68082","NM_024438",-0.873519022108786,7.10914952619029,-4.05243067339606,0.000400588049788705,0.0279932525670002,0.10913863333977
"11374","EnaOuOoJxEno.Mr3s0","Olfr1436","258682","NM_146687",-0.715865463406699,7.36721530916958,-4.05181363358042,0.000401237232545077,0.0279932525670002,0.107665577250827
"16143","c1eLVSQygoSyySyL6I","Ubxn6","66530","NM_024432",0.724858442643123,9.5991650146419,4.05005602305306,0.000403092096497933,0.0279932525670002,0.103469853219743
"8617","ZpJN9XEkptPgHfYDps","Hspa9","15526","NM_010481",-0.969799627798047,12.0711757523403,-4.0477407357261,0.000405548414726763,0.0279932525670002,0.0979433347296395
"7832","HsUJV7cFxhVIuHhp7s","Gnao1","14681","NM_010308",-0.693797237913282,7.87465837492408,-4.04682451884578,0.000406524514615673,0.0279932525670002,0.0957565040861752
"10928","ZiLoR65yIdXT1feOCk","Nfe2","18022","NM_008685",-1.13587984173201,7.74157150343925,-4.04608138570121,0.000407317920477355,0.0279932525670002,0.0939828532849436
"9804","ukJJAExtBQgpIRflSo","Ltbp1","268977","NM_019919",-0.702023301224393,7.46685454886088,-4.03646857844713,0.000417719772156933,0.0285050428074564,0.0710448750302612
"3737","oRIgo0ClFJ9JNleXdI","Themis2","230787","NM_001033308",-0.689695468902517,7.64785658424257,-4.0361128927254,0.000418109639865295,0.0285050428074564,0.0701963243782355
"895","l9clI4vSS5HV9modYI","Gatsl3","71962","NM_028022",-1.02551820116937,9.62151986349758,-4.03428860342918,0.000420114895036917,0.0285276425139809,0.0658443688500769
"2553","BVdLuiDko.kJFaAkH8","Adh1","11522","NM_007409",1.42374182751722,8.42574866884408,4.03259777158174,0.000421981923547899,0.0285407139085333,0.0618110935685312
"1316","lVKlAjQg7oiO67yLhc","Exo5","73172","NM_028457",-1.04769396913884,9.10304005373415,-4.02841651630499,0.000426634110827356,0.0286897785262696,0.051838496706158
"11288","B3Lee9NxTqd5VB9RJU","Oas3","246727","NM_145226",-0.793980894560109,7.24271768902554,-4.02511420217326,0.000430344083180122,0.0286897785262696,0.0439635361475386
"15643","uXLhRV6wKUi49AXkHo","Tnks","21951","NM_175091",-0.596906260916405,7.55313202158469,-4.02339219568452,0.000432291267810045,0.0286897785262696,0.0398575594724448
"10520","9vWdcHJXvx7lNL5Wd4","Mrrf","67871","NM_026422",-0.674639070005123,7.44443680538975,-4.02203359349656,0.000433833657040977,0.0286897785262696,0.0366183109099056
"12945","QiDMv4M88BUqQtUSwk","Raet1a","19368","NM_009016",-1.1452409085074,7.30264871139778,-4.02092934093398,0.00043509128606847,0.0286897785262696,0.0339856401123573
"7736","3k11KPVwyB5QIkDojo","Glipr2","384009","NM_027450",-0.947608571046963,7.39885029911199,-4.02074066515058,0.000435306527519331,0.0286897785262696,0.0335358273472837
"5336","KCCi6AC4UG1Rt5ZSVc","Cox4i2","84682","NM_053091",1.16324463203385,8.26046669735457,4.01968488071688,0.000436512906189803,0.0286897785262696,0.03101885296247
"107","iEQnjeeXnVEtcLtS5c","Josd2","66124","NM_025368",1.51261571156268,10.6062748321865,4.01869053114136,0.000437652101433355,0.0286897785262696,0.0286484470622241
"11359","uUcSi97U.4X9_X60.c","Olfr1198","404330","NM_207567",-0.672300348693351,7.42833152248282,-4.01115047960531,0.000446386426934468,0.0290698088170614,0.01067735006656
"11068","c1KmJFTF4RTVSLdeFA","Notch2","18129","NM_010928",-0.695389332303026,7.41655887947467,-4.01036070974996,0.000447311172768539,0.0290698088170614,0.00879535259115283
"14625","KxSiCsYTRHqgNShcYo","Sun5","76407","NM_029599",-0.643593174209382,7.48952440042331,-4.00929156670522,0.000448566047810793,0.0290698088170614,0.00624772496966042
"5234","HXUKWL_e4tq1I4P35E","Col27a1","373864","NM_025685",-0.822778144853856,7.33152371899782,-4.00547908402995,0.000453069154557761,0.0291787649349189,-0.0028359099637294
"11416","6S6UW030Sy4RU60FX0","Olfr51","18351","NM_146909",-0.673596934281539,7.40234066363085,-4.00497216690454,0.000453671245467818,0.0291787649349189,-0.0040435732179489
"5005","uSgk8iptJ9NkST_iLg","Chrnb4","108015","NM_148944",-0.707164896828529,7.34068727614648,-4.00136595901366,0.000457977342555398,0.0293449843102038,-0.0126340765666235
"16594","WwE38NP98.C7CJe.M8",NA,NA,"XM_001478215",-0.848181607998434,7.25804869388598,-3.98927583527257,0.000472709915333315,0.0300302138115579,-0.041424004216279
"3913","rpL_DJzpVPtDpeAF.4","Zfp599","235048","NM_181419",-0.707324374322407,7.36913678983101,-3.9856231651025,0.000477252087534175,0.0300302138115579,-0.0501188136983162
"10045","rnvMXtNzHJ3c84nEXc","Mbd3l2","234988","NM_144934",-0.712272345563663,7.76807609412652,-3.98542615497727,0.000477498292326361,0.0300302138115579,-0.0505877335682214
"14033","WqS1AshzCgkAFWqL3s","Shh","20423","NM_009170",1.52860998676045,8.39265698759642,3.98254780647386,0.000481109685421953,0.0300302138115579,-0.0574382257462434
"2386","lX5I6yT7cUvr0t1Moc","Acss2","60525","NM_019811",1.5519523780522,11.5524857828565,3.98214876843174,0.000481612467940775,0.0300302138115579,-0.0583878654472283
"14215","rh5nt4IlKRC5bRf.1I","Slc25a38","208638","NM_144793",0.840928335921475,9.08477374161445,3.97799081317471,0.000486882332266778,0.0300302138115579,-0.0682819845587792
"9803","oqVV_JCSQBMbQUIKSE","Ltbp1","268977","NM_019919",-0.740464736155819,7.24895417207344,-3.97756262815108,0.000487428236907019,0.0300302138115579,-0.069300766231521
"15883","Nem4EFSF51Dl6OVR54","Gm5409","386551","NM_001003664",-0.768303682282372,7.22676978268339,-3.97744974312491,0.000487572257482484,0.0300302138115579,-0.0695693503628592
"2445","319TZItJ77SS1IVTSI","Acsm3","20216","NM_212442",-0.6279391792643,7.30691075420134,-3.9770165998344,0.000488125257949058,0.0300302138115579,-0.070599902361522
"7696","QRNElB9FQx4hos33tU","Gif","14603","NM_008118",1.09335843865835,7.84920966223301,3.97612751886134,0.000489262297285089,0.0300302138115579,-0.0727151724936217
"7688","x360EClKjYJ642uqSs","Ggt5","23887","NM_011820",1.08212517019799,8.31998159512345,3.97571300903232,0.000489793302356544,0.0300302138115579,-0.0737013287589141
"8766","WHit9YpokbqdzuUB7g","Igfbp6","16012","NM_008344",1.9722092385276,9.28710231191036,3.97559326864533,0.000489946800643521,0.0300302138115579,-0.0739861982750982
"5651","rAO.uTCJ.s86Hs.584","Cyp1a1","13076","NM_009992",-0.733481930792718,7.16681800570405,-3.97353092301381,0.000492598023549917,0.0300302138115579,-0.0788923833868225
"10104","rBz6TxhzBdSt5upLVI","Mcpt4","17227","NM_010779",-0.743848874613273,7.13399127418187,-3.97180638426466,0.000494825828185374,0.0300302138115579,-0.0829945728213568
"376","ogfY_OaJQeieNgWgWE","Cypt3","69361","NM_173367",-0.695298612128393,7.19781618936658,-3.97159441987313,0.000495100333316579,0.0300302138115579,-0.0834987524629938
"665","3mHSeQ8eBDycSNKmlU","Slx4ip","74243","NM_028201",-0.692928242999272,7.42147603816205,-3.96886503080584,0.00049864846608872,0.0301381718298445,-0.089990428587905
"11362","itEnSChgoCd3QXujVM","Olfr1222","258177","NM_001011860",-0.767382628277548,7.412289721514,-3.9658006548229,0.000502661921580594,0.0302154653689249,-0.0972778214936962
"12796","rd7mieAolq3UsZJXiU","Pxt1","69307","NM_153390",-0.72511087634263,7.71241570540858,-3.96288823657231,0.000506505834879867,0.0302154653689249,-0.104202831186419
"2585","Q0X1SUle_CUpItRZ0E","Adrb3","11556","NM_013462",-0.611532062235584,7.47692781902889,-3.96266613142272,0.000506800162314372,0.0302154653689249,-0.104730901628066
"11460","fd7x1HvPFWCO_uB.uk","Olfr919","258432","NM_146440",-0.633659344951483,7.29844998505139,-3.96250146131778,0.000507018487180974,0.0302154653689249,-0.105122412533093
"4582","oVIkXgEXc3pYIoCHSA","Ccdc59","52713","NM_025602",-1.03067931452729,9.01150360699613,-3.95480678349511,0.000517324271079964,0.0306130492167779,-0.123413320297741
"2548","ZUYugsCZXmrh_kZAbg","Add3","27360","NM_013758",1.69395580082374,10.0523925607604,3.95265273183501,0.000520246044387714,0.0306130492167779,-0.128532433648808
"2526","lZRE.Vd_JxUuFn8zdI","Adarb1","110532","NM_001024838",-0.957383380763837,7.97339517112667,-3.95068216388904,0.000522933165180969,0.0306130492167779,-0.133215014609008
"14675","WVoI4IaIgiCTdJTWtc","Spire1","68166","NM_194355",-0.709284689550053,7.58705786443437,-3.94990252414627,0.000524000071835545,0.0306130492167779,-0.135067513402
"9350","BolJN8DOAE8VcHTHKE","Krtap19-5","16704","NM_010676",-0.702276462532295,7.63241626398638,-3.94856180582207,0.000525839806073696,0.0306130492167779,-0.1382530191585
"8928","3Cg.Eed5aqcTpGhxEk","Ipo13","230673","NM_146152",1.04952416246624,10.5824568142524,3.94847776805573,0.00052595533427451,0.0306130492167779,-0.138452683173309
"5176","BeCeiCWr4JQnMcRHkQ","Cnih4","98417","NM_030131",-1.28478426712381,11.8097738464438,-3.94743030893162,0.000527397393143989,0.0306130492167779,-0.140941254068083
"1888","QTqiK96.355dyecwMY","6430571L13Rik","235599","NM_175486",-0.665311444353439,7.55881154538299,-3.94520028232266,0.000530480493771654,0.0306130492167779,-0.146238950843798
"14507","3l8klpZlxDN1v90tCI","Sned1","208777","NM_172463",-0.760852734759725,7.26274079231029,-3.94495579483849,0.000530819584737005,0.0306130492167779,-0.146819724009656
"4353","EBqXndxUnlFF39JQC0","Fam163b","109349","NM_175427",-0.651722546077846,7.40438361811271,-3.94435686384282,0.000531651171565728,0.0306130492167779,-0.148242437447735
"12686","0U8npyKNRMfdFDKHsE","Hpgds","54486","NM_019455",-0.804050105542508,7.35365803465253,-3.94301625989216,0.00053351718593081,0.0306170603266152,-0.15142678019548
"14797","oupHhtHJTc5NcDko10","St6gal1","20440","NM_145933",-1.51980841139222,12.3869219993241,-3.93746346069812,0.000541315132199539,0.0309029968843563,-0.164614058258449
"12053","KJFSK_mKDCryrXQMRU","Piwil2","57746","NM_021308",-0.767930004215923,7.49303232903551,-3.93661221933431,0.000542520428307595,0.0309029968843563,-0.166635330958842
"8444","NgN.DP8Bc8eETSTv94","Hlf","217082","NM_172563",-0.712349680435953,7.54571815016318,-3.9354721743024,0.000544138787695207,0.0309029968843563,-0.169342229842623
"2437","KfHvx1_B_e4p0r6X4E","Acsl3","74205","NM_028817",-0.772255589246651,7.44213818396263,-3.93302765915385,0.000547624949567545,0.0309029968843563,-0.175145900609894
"8922","He7jKORQIIjpbZuXVc","Insl6","27356","NM_013754",-1.34022123968744,7.89967001048368,-3.93298645497162,0.000547683899469785,0.0309029968843563,-0.175243719684202
"5180","T6Lws9ogEoigf4YZRQ","Cnn2","12798","NM_007725",1.0091996827663,8.81674076904243,3.93180380625557,0.000549378552919501,0.0309029968843563,-0.178051249051761
"13711","rXe9J8kFdVX_c7BmNU","Scrn1","69938","NM_027268",-0.693519628422122,7.30605127307242,-3.92906043538752,0.000553329505154214,0.0309586834834538,-0.184563168303344
"7362","NggqOpHoV3J13iGXe4","Foxh1","14106","NM_007989",-0.692445017347426,7.23785546100745,-3.92766538003181,0.000555349348590212,0.0309586834834538,-0.187874245855301
"6473","WtYBS6yzF3uS7PlAng","Dyrk3","226419","NM_145508",-1.24898310305889,9.64793193455295,-3.92734260369937,0.000555817715673367,0.0309586834834538,-0.188640301325911
"9634","iWlKSPUFOIddRN0bXI","Itgad","381924","NM_001029872",-0.735024274476859,7.20176429122229,-3.92476672027952,0.000559569424374097,0.0309884753879258,-0.19475326720183
"11378","lk9J9KM_wJzdRO5dEc","Olfr1459","258684","NM_146689",-0.639302115817871,7.39082000455794,-3.92447978532617,0.000559988876993731,0.0309884753879258,-0.195434156967689
"2982","igroaMHhVHvhAZOh.Q","Kdm1b","218214","NM_172262",-0.712367330625338,7.38045157308487,-3.92304517050838,0.000562090696721788,0.0310041224431267,-0.198838310399639
"9284","idYqdu06rhOV7o0CiA","Klk6","19144","NM_011177",-1.28022461723619,7.54101769831613,-3.92020968135475,0.000566267758757685,0.0310383131818906,-0.205565803044897
"5674","cd3RON9XwV6l5Rs0sc","Cyp2f2","13107","NM_007817",3.30761155584349,13.1271272164219,3.92015223569764,0.000566352698871626,0.0310383131818906,-0.205702088485178
"4852","0lTFB5UqddtZSvcDAg","Cdkn1c","12577","NM_009876",2.84795686880905,12.0497781349145,3.91425883070301,0.000575133714854391,0.0313425077470305,-0.219681548567706
"4424","BTFwPp48fyeEuseH.8","Cald1","109624","NM_145575",-1.10029181895773,8.06602144307629,-3.9139609157672,0.000575581138513292,0.0313425077470305,-0.220388102397937
"7054","o3lKjVXV53RX9Y9FC0","Pcif1","228866","NM_146129",1.03015049613354,8.98933388840584,3.91011735405445,0.000581384385742243,0.0313554917010189,-0.229502731725995
"1597","6pJeODvi7k_O9esCs4","4931428L18Rik","70988","NM_027637",-0.679362336830791,7.40548623472268,-3.90957789240315,0.000582203490143282,0.0313554917010189,-0.230781862634823
"6804","363flBTgz.keSRnjL0","Elmo1","140580","NM_080288",-0.83060179677389,7.39763957670771,-3.90948436835363,0.000582345609998439,0.0313554917010189,-0.231003616079653
"12622","xuihUuHuixNFZxPmLc","Psma7","26444","NM_011969",-0.922969810528823,11.9843298135493,-3.90893685810106,0.000583178295542302,0.0313554917010189,-0.23230178702909
"4519","HiS0l9SFE764J5RJRQ","Cast","12380","NM_009817",-0.658853588774097,7.49623664966241,-3.90462298256077,0.000589780177533984,0.0314597682995638,-0.242528843726768
"794","Bv3rf0_gIEA65.XtOk","2310042E22Rik","66561","NM_025634",-0.676049135763394,7.40314322753322,-3.90415284843123,0.000590504089052217,0.0314597682995638,-0.243643263996487
"3970","HVVh.VNExAePhKEYOE","Lingo3","237403","NM_001013758",-0.602235688553932,7.28887375311744,-3.90230546619293,0.000593357156414591,0.0314597682995638,-0.248022081549046
"13261","ETkhF5pfUUk7z5N3PU","Rhox4d","664610","NM_001039695",-0.777394191516585,7.25691650952751,-3.90205497942288,0.000593745046240549,0.0314597682995638,-0.248615772299428
"6517","ionn0fLoiAQ1Yg3dUA","Ccdc66","320234","NM_177111",-0.718822220508589,7.66238365888528,-3.90166675997528,0.000594346713943883,0.0314597682995638,-0.249535894012776
"13829","KReitR63dPHuEd1JaM","Senp5","320213","NM_177103",-0.752327069533693,7.3986188825377,-3.89879112718399,0.000598822114027258,0.0314684389415496,-0.256350849709211
"6978","WERMLiq4BbJeR1cl3k","Etf1","225363","NM_144866",-0.981493130425566,12.1397379512766,-3.89786270441776,0.000600274098936967,0.0314684389415496,-0.258550889623092
"2855","NTU4oFRY5IUKpwcd5I","Alox12b","11686","NM_009659",-0.621544968071865,7.46990977819523,-3.89656418473677,0.00060231069623412,0.0314684389415496,-0.261627744431229
"14588","3bqHjn7RLbJKLXT7gg","Sort1","20661","NM_019972",0.864940474610714,8.71214313378454,3.89635980955215,0.000602631856289641,0.0314684389415496,-0.262111993562246
"8161","W4m6XGLt4uUmlkIIBY","Tpgs1","110012","NM_148934",0.707772796539336,8.87109216604456,3.89565414327774,0.000603742051976457,0.0314684389415496,-0.263783966609161
"8378","NliohOnxe2gDtJCReo","Hif3a","53417","NM_016868",-0.659520051080776,7.53738281194647,-3.89428062304193,0.000605908723811139,0.0314850862458447,-0.267038137235377
"2677","l2XSxHtXkV6RJqRt38","Itfg3","106581","NM_207217",0.685606235352228,10.2933340874945,3.8931039229453,0.0006077709984002,0.0314858629080031,-0.269825803383916
"12828","6eoBC7hOilCaSuSIiQ","Rab13","68328","NM_026677",-0.772895946715821,7.97641349771173,-3.89081139130769,0.000611415390619515,0.0315583838253238,-0.27525641832023
"4349","6BqhFDvvfF.SX8FR_o","Tmem132d","243274","NM_172885",-0.630457631269191,7.5382099699656,-3.88989758275741,0.000612874034626975,0.0315583838253238,-0.277420883653413
"3509","EhUhfdQPSclQh91DuM","AW551984","244810","NM_178737",-0.652919273692948,7.40072726613543,-3.88813832888656,0.000615691838101341,0.0315762094129217,-0.281587581047376
"15352","Q_RDP.74H8xfvxDAh8","Klf10","21847","NM_013692",-0.744373981904758,7.45652305809998,-3.88619806357078,0.000618814337119537,0.0315762094129217,-0.28618252496921
"14624","KgjdSQeqgV2fReTsW4","Sun5","76407","NM_029599",-0.686668564022518,7.41153929688838,-3.8851096454451,0.000620572754799561,0.0315762094129217,-0.288759905035777
"8517","T6PAK6JIqSfggGfCj8","Hoxa13","15398","NM_008264",-0.547933322887931,7.48074560803183,-3.88507381215513,0.000620630729484203,0.0315762094129217,-0.288844755818516
"16933","fdPT4nF.qH_IC4xH_4","Zfp622","52521","NM_144523",-0.637168028855738,7.68868465039695,-3.88350288262544,0.000623177575655503,0.0316114244031916,-0.292564443778954
"7772","lUUlX9qgF9AaNzhxCU","Gm136","214568","NM_001033255",-0.627687388204134,7.34596807898319,-3.88041419168506,0.000628215059270103,0.0316195629700537,-0.29987697905518
"11352","Nq93H7n3ReEsvHPzTo","Olfr1154","258641","NM_146647",-0.656222033970562,7.34145655468592,-3.88033712105139,0.000628341267606058,0.0316195629700537,-0.300059429160414
"2420","9X30XG7V4FKKkJQ5e4","Acot7","70025","NM_133348",1.37440720774229,11.3792529073968,3.87985277662763,0.000629134984674537,0.0316195629700537,-0.301206004726705
"7065","EhItBHrsQtIPRDcLTk","Vmn2r66","233437","NM_001033878",-0.782477446533371,7.0721697036193,-3.87886381166467,0.000630758707452374,0.0316195629700537,-0.303547058554198
"8839","fkUi23J9p.cCB_0ggQ","Il1rl2","107527","NM_133193",-0.591688462517603,7.76583658913072,-3.87669904189452,0.000634327301365627,0.0317052038840931,-0.308670996431796
"16727","NVLEU6.1FSUCIC19nc","Zdhhc13","243983","NM_028031",-0.821356610266726,10.1424762437722,-3.87342543653913,0.000639761514079734,0.0317964965547838,-0.316418327531848
"3886","Ekud0oK2krmJgSSACA","Cdhr2","268663","NM_001033364",-0.607685804734553,7.46181588305995,-3.8733514228023,0.000639884904851611,0.0317964965547838,-0.316593472302059
"12680","Nup7AEB_cQENeedHRQ","Ptdss1","19210","NM_008959",-0.527934203159405,7.438380156639,-3.8721482679055,0.000641894007404627,0.0318036089017572,-0.319440493670105
"5906","3l6Pe37HrxFp0HagkM","Fam3c","27999","NM_138587",-1.02679207916829,11.9905869254514,-3.86826950546058,0.000648413297485937,0.0318956458302727,-0.328617476130227
"2310","lUqeetzv9d7n3F33Rs","Abcc10","224814","NM_170680",0.827862663576559,8.3825628677212,3.86799890939366,0.000648870525775079,0.0318956458302727,-0.329257619220576
"12923","rvL9_8BP_8tS._2fPo","Rad21","19357","NM_009009",0.830476057894403,8.12390696351744,3.86770606355299,0.0006493657065891,0.0318956458302727,-0.329950387004529
"8596","odQi9_XdIH7r8IMl4k","Hsd3b2","15493","NM_153193",-0.603775440768564,7.30622061555321,-3.86042740917986,0.000661793362482205,0.0323330463712862,-0.347165340334006
"1398","6_SyVICzAxNgIjl_Sk","4632434I11Rik","74041","NM_001080995",-0.577463616702643,7.76363634346889,-3.86026991096697,0.000662064842969894,0.0323330463712862,-0.347537764483509
"1671","3eVT5HQeDIDP6vyJN0","4933434E20Rik","99650","NM_025762",0.945305017439797,9.73436660744036,3.85716264103516,0.000667443283769179,0.032418439067646,-0.354884600518442
"11636","6SgEXqBIwlazV7.1yI","Papolb","56522","NM_019943",-0.640627587833441,7.23516043392693,-3.85706242216311,0.000667617467304843,0.032418439067646,-0.355121536318418
"4234","Zi0CCk10WK3ruYiReA","Fam73a","215708","NM_174868",-1.0648672085277,8.88668934278236,-3.85596586407325,0.000669526238856409,0.0324187648155359,-0.357713911122555
"4585","uMb4B3vTje7XwxEC6k","Ccdc83","75338","NM_029256",-0.644439097801682,7.20778151264425,-3.85360440203753,0.000673655039298267,0.0324832332439245,-0.36329608837803
"7980","WGXchxBJIQc9wsn5a4","Gpr35","64095","NM_022320",-0.74949669025883,7.35512389761103,-3.85270704798657,0.000675230528696982,0.0324832332439245,-0.365417111521522
"13028","6.ofmz8lV6BIvvej9A","Rasl2-9","19428","NM_009028",-0.791149901911136,7.34604525508851,-3.85194278325129,0.000676575205444332,0.0324832332439245,-0.367223471972724
"1609","EAAoKfrBlehRWieawo","4932418E24Rik","329366","NM_177841",-0.678717593829669,7.36956486466374,-3.84959909369313,0.000680715201665376,0.0325901963404064,-0.372762344303378
"17041","0UtJEeWKKCOOFeO.PE","Zzz3","108946","NM_198416",-0.669641242881682,7.64681050356334,-3.84771783717104,0.000684056325744117,0.0325942037269828,-0.377207793995994
"12649","cY4FVLIwB84J53oBz0","Psmd11","69077","NM_178616",0.79213063569278,8.81402166934476,3.84739931374187,0.000684623617358592,0.0325942037269828,-0.37796042326042
"1360","QSFU7YAHxESKICHrrY","Fyttd1","69823","NM_027226",-0.789549273101477,7.89628965245585,-3.84605449868582,0.000687023835765769,0.0326173656178044,-0.381137890644131
"7319","9Vf1r0XR6SfrPnq3fk","Fmo1","14261","NM_010231",2.96242618590004,10.7347820992957,3.84370482714965,0.000691237362275651,0.0327262488961839,-0.386688984378245
"4262","T5JwZbr16vBrn729ZI","Acpl2","235534","NM_153420",-0.9889849879231,11.4459797810139,-3.84245887703782,0.000693481934580943,0.0327415681246471,-0.389632227083982
"13753","EiJN.CJ0CREHkR0Slc","Sec14l1","74136","NM_028777",0.990687362589796,9.30728576050837,3.84042207651455,0.000697166639906108,0.0328246083164633,-0.394443187979437
"10404","x9v78XiVGlU4WKFDhs","Mpz","17528","NM_008623",-0.757426960443764,7.44439776225683,-3.83838571175596,0.000700869770376267,0.0328745031602528,-0.399252539694108
"2815","3pINIt9w1uBUPTNUgQ","Aldh1a7","26358","NM_011921",2.80896875049188,11.8167821292208,3.83772031908078,0.000702083967984746,0.0328745031602528,-0.400823894182789
"14105","9lIieFTMVLgKH.4KKM","Slamf1","27218","NM_013730",-0.786166847804434,7.24216256507689,-3.83451741399679,0.0007079575301969,0.0330371547507054,-0.408386826985077
"3288","6kp1g5N6ry41UKCnkI","Asph","65973","NM_023066",-0.688814307592291,7.32020638846446,-3.83364621385335,0.000709563484446085,0.0330371547507054,-0.410443718324544
"2542","lS4HSQnQ7dAi7uKSZY","Adcy9","11515","NM_009624",1.00101328240043,8.68650661331246,3.83266707976624,0.000711372670353725,0.0330371547507054,-0.41275531233982
"3000","99B.iAlx.Nehi.eOro","Ap1s1","11769","NM_007457",0.930094554943212,9.62619461731523,3.83109010545157,0.000714296033307736,0.0330827760643942,-0.416478035788706
"1477","617YUfSg7iQbg3UgQQ","Lrrc9","78257","NM_030070",-0.720792252397713,7.2966970288348,-3.82852785940591,0.000719071035909171,0.0331359542767221,-0.42252591397272
"830","KXcod.s4Aud4IGgUyo","Cmc2","66531","NM_026844",0.985624405010558,8.53945643183684,3.82838804306545,0.000719332497206475,0.0331359542767221,-0.422855907060318
"12589","EWoqSTlh_N.iVHbeT8","Prss8","76560","NM_133351",1.23068879728567,11.9231045234098,3.82646194412757,0.000722943878115267,0.0331645911121923,-0.427401582900928
"12299","HluqE6C0.uTo7ku6EU","Ppa1","67895","NM_026438",-1.10557553893373,12.5317979903618,-3.82598238310454,0.000723845804607812,0.0331645911121923,-0.428533285260858
"9307","fdViVJQe8Xfen9KHSM","Kng2","385643","NM_201375",-0.698684176510585,7.37996102062185,-3.82039333064994,0.000734439098894862,0.0335597319076783,-0.441720306310741
"5576","uovUUpN_zKhOI.Ti.s","Cul2","71745","NM_029402",-0.616097738932159,7.63428946359688,-3.81420826979244,0.00074633941142614,0.0339924383590309,-0.456308338317777
"16635","fUE_E10hXH_O6JeVK0","Yipf3","28064","NM_145353",0.859783701463945,8.37117542606989,3.81327756066855,0.00074814643388665,0.0339924383590309,-0.458503022262955
"2734","BeEH9BAs9CDztXe85E","AI987944","233168","NM_183167",-0.666602861628148,7.4383338930885,-3.81238066960308,0.000749891857720934,0.0339924383590309,-0.46061784171217
"16107","xNXlKvFpUpNV5Az8_o","Ube2m","22192","NM_145578",0.790342728824422,9.53642950334954,3.8092665927281,0.000755983178846014,0.0341776586213567,-0.467959754420344
"11204","Nj86407h3Kjljc7NfU","Ntng1","80883","NM_030699",-0.604862413718441,7.4710643065467,-3.80733136204885,0.000759793033294729,0.0342590276705697,-0.472521644567543
"11815","cb4FeoFOJBxLu0_tpU","Pdlim5","56376","NM_019809",-0.862145919991857,7.80044514245348,-3.8049286344128,0.000764549456677725,0.034382535460726,-0.478184795965472
"5114","olFQRQvuodS2ozS2uE","Clk2","12748","NM_007712",0.688155706459103,9.40600913179271,3.80305015315371,0.00076828841714206,0.0344597573204455,-0.482611725796732
"14378","rkeS3l0wlMmRmZXQPA","Slc9a3r2","65962","NM_023055",1.41181681986233,12.134546337916,3.79826165128666,0.000777900846916933,0.0346652271768246,-0.493894215756158
"12612","ZChNo9xFcYHeDIz2IM","Psg19","26439","NM_011964",-0.702122695859727,7.37266563806891,-3.79765382724099,0.000779129396479349,0.0346652271768246,-0.495326105863334
"9268","xVHhIk4Hoi4gwguros","Klhl6","239743","NM_183390",-0.702561556515318,7.50096030502529,-3.79725738604137,0.000779931718651606,0.0346652271768246,-0.496259998350459
"11384","l0J6XkSMTF8So9427U","Olfr1509","57271","NM_020514",-0.717327671261565,7.34297955958363,-3.79672774155085,0.000781004883589571,0.0346652271768246,-0.49750764011962
"3602","ZqE7f67f4gX3lDAXVU","Rnft2","269695","NM_172998",-0.915963203870313,7.83736438946832,-3.79424983025001,0.000786044889552565,0.0346698995850611,-0.503344107282494
"9238","35LRC1Xd1PNCJ05Ras","Klf4","16600","NM_010637",1.20843635588166,8.7430158835895,3.79294243325254,0.00078871693943652,0.0346698995850611,-0.50642317946019
"12333","W1ePrhIDpoISgER6ek","Ppic","19038","NM_008908",1.54331430982299,11.9890259864015,3.79289116615099,0.000788821900098614,0.0346698995850611,-0.506543914266055
"5926","on5J8qnkvvdfTCHlNY","Agpat5","52123","NM_026792",-0.62877477017888,7.5502510817117,-3.79268373657493,0.000789246716674707,0.0346698995850611,-0.507032410080671
"2961","0Xv6oD1z7j_Hv.FTNU","Anp32a","11737","NM_009672",0.863759209656829,10.7939937146878,3.78460063169628,0.000805976778750504,0.0352137158490539,-0.526063076043929
"11082","6XWOKAOCOmH0e7ODlQ","Npdc1","18146","NM_008721",0.709662519403473,8.19190880483871,3.7838151183546,0.000807621016092297,0.0352137158490539,-0.527911946346344
"428","fp0uH0EXl77ns7s110","Rnf185","193670","NM_145355",-0.648950713654425,7.25436194812828,-3.78273568422925,0.000809885853940292,0.0352137158490539,-0.530452468962439
"9134","BCVCu._1K0VUdLVF6c","Kcnk3","16527","NM_010608",0.903263353129018,7.69791395563791,3.78273339109197,0.000809890671956648,0.0352137158490539,-0.530457865831801
"7380","Wn5f5wsFeh40MGXUuk","Foxp2","114142","NM_212435",-0.977925654544558,7.29195437526025,-3.77996745306516,0.000815722573121777,0.0353659174828982,-0.536966886701714
"11200","0JeuNS6ahE6kaaeZC8",NA,NA,"XM_001479987",-0.623907626603194,7.32128213280511,-3.7791089035959,0.000817541157490137,0.0353659174828982,-0.538987056507304
"3862","6KdeNHkJVSxa0vj3uo","Fn3krp","238024","NM_181420",-0.690163175187833,7.39807208700101,-3.77783284288469,0.000820251461617764,0.0353933314223118,-0.541989424921479
"16317","HbsN.EFx1Dv0iP6IsI","Vmn1r81","171244","NM_134210",-0.74442134958637,7.1789912033015,-3.77674214745489,0.00082257503630777,0.0354039619162365,-0.54455546202039
"2205","xFC3JSfTpFVwM43VKc","Elfn1","243312","NM_175522",1.19968273910807,9.1580246348494,3.77250056604396,0.000831672617692398,0.0357053604431971,-0.55453274303779
"184","u1U4TwDUcPt.zJ.5Ag","Krtap4-2","68673","NM_026807",-0.661005263786103,7.2616828776297,-3.76871292548148,0.000839879854556075,0.0359671161835521,-0.563439912032759
"9673","61x3mEXze96ztSxWaQ","LOC547323","547323","NM_001042554",-0.647518435890512,7.33741405236213,-3.76546119983568,0.000846989121200197,0.0361806580995894,-0.57108504150347
"11583","riJmWiqFWIFiVQ1IZQ","Pacsin1","23969","NM_178365",-0.596143319485058,7.59872923641852,-3.76379878993316,0.000850646401807175,0.0362460431810037,-0.574992901459757
"11968","EU3_NCeQBdXfVy1ElQ","Mycbp2","105689","NM_207215",-0.687563908095672,7.6809897591676,-3.76149883848759,0.0008557317883837,0.0363718019980344,-0.580398737349851
"16054","QXk..XHPhdxFXhUz1E","U2af2","22185","NM_133671",-0.660331900376393,7.42230091194996,-3.7594024680633,0.000860392980070185,0.0364789501301399,-0.585325358292422
"9947","KrtFJH.hQte8e6Ve3U","Map3k11","26403","NM_022012",1.00388895243528,10.6215535604755,3.75834791957133,0.000862747118484692,0.0364879947579481,-0.587803364380028
"7769","Nu1f1enoTolu7XIPS4","Odf3l2","382384","NM_001033473",-0.551505633675315,7.38420303696679,-3.75315492099426,0.000874432145663464,0.0368777309739925,-0.60000347709349
"2472","Euf02UuqUpGt9UsCU8","Actr3b","242894","NM_001004365",-0.643070269600821,7.61503363866818,-3.75054036244849,0.00088037382665247,0.0368777309739925,-0.60614436072663
"4227","uKqfWulXJHlX63cd.U","Tspo2","70026","NM_027292",-0.655705405065788,7.36830733810231,-3.7502442234954,0.000881049301353886,0.0368777309739925,-0.606839842416281
"6113","EkDshOzksO_A4i__Xk","Defb44-ps","654454","NR_002879",-0.73468282421377,7.12040205669191,-3.74883137344178,0.000884278919261714,0.0368777309739925,-0.610157727450151
"6242","BqxWdIAkOW9wOnQcXg","Dmtf1","23857","NM_011806",-0.611490958782287,7.80489824012391,-3.74809203836526,0.000885973575223986,0.0368777309739925,-0.611893829207516
"14360","cvUSYLidXfqIueeQQE","Slc7a11","26570","NM_011990",-1.93213565068464,8.11459540807007,-3.74783492192846,0.000886563665942984,0.0368777309739925,-0.612497568101778
"4587","oaAI_3W11Qo4LtVFJ4","Ccdc93","70829","NM_001025156",-0.652208446479211,7.38899139126987,-3.74759786712076,0.000887108055581842,0.0368777309739925,-0.61305419073477
"15865","cwoQ6RTlRf1dkNeiV4","Trpc4ap","56407","NM_019828",0.664342150025922,9.34327772134941,3.74624909415274,0.000890211710420844,0.0369167114170629,-0.616221042659285
"11617","0VVEn3OKTg4ygbAPL0","Rassf9","237504","NM_146240",-0.706913201361755,7.56098881215218,-3.74456045757473,0.000894112417625815,0.0369884758398408,-0.62018547139024
"5017","KUFff.Iq5LPPCqhIuk","Chsy1","269941","NM_001081163",0.745043959984065,7.38561346763266,3.74336200617944,0.000896890959484895,0.0370135823570473,-0.622998813120351
"1677","3V_w.SEAmBxUKHoNlc","Hyal5","74468","NM_028957",-0.741042096000056,7.19420861157917,-3.73860582869773,0.000908001488816522,0.037381587863258,-0.634161595383546
"3027","B54m66LWb6EWTT4rQY","Apba3","57267","NM_018758",0.751217028531107,10.1276795850611,3.73553460536018,0.00091524741800218,0.0375891011865763,-0.641367858324418
"5769","WJ_cLm5ASVIklIyI7o",NA,NA,"XM_001004593",-0.629901287004283,7.38853631627912,-3.73150970065667,0.000924829125349647,0.0378491689706026,-0.650809529522651
"8558","BLdpKVKF_dknOk1XE8","Hras1","15461","NM_008284",0.907341631416632,10.2031281978132,3.73101185997248,0.000926021090163181,0.0378491689706026,-0.651977189054075
"527","TR13vdcq_LR4urfn8A","Slc25a35","71998","NM_028048",1.04132355512063,8.97657666206513,3.72419950073138,0.00094248357746526,0.0382042842289642,-0.66795119589304
"14245","loWkRldNPnoYLs0oew","Slc2a2","20526","NM_031197",-0.810257808140549,7.35411748874904,-3.72417160477835,0.000942551575142348,0.0382042842289642,-0.668016592423888
"13602","0h6STX0jfFEYBxla9Y","S100pbp","74648","NM_029036",-0.64968748103294,7.45848527160895,-3.72413395229322,0.000942643362432192,0.0382042842289642,-0.668104861008914
"2252","6kR64_AC9N9PzSzH6U","Dcaf10","242418","NM_153167",-0.672782213959366,7.22457252963712,-3.72371083881349,0.00094367540837796,0.0382042842289642,-0.669096748544437
"11499","Tl4ie3nRRoR7j2CdXI","Setd4","224440","NM_145482",-0.657566548709523,7.67010805044405,-3.72199867733338,0.000947862965487635,0.0382121359081397,-0.673110200469996
"5521","BUUny6iqvt3n0.8rl0","Ctdsp1","227292","NM_153088",0.958952674682688,9.50511443777985,3.72125360636765,0.000949690913137714,0.0382121359081397,-0.674856560763148
"16028","KlI77FDNSCKiSyYUCo","Glrx3","30926","NM_023140",-0.657002479278509,7.29512614022032,-3.72088551327792,0.000950595260798595,0.0382121359081397,-0.675719294993119
"10432","6ZOVp1YOFUC.h1BBus","Mrpl14","68463","NM_026732",0.94783089057921,11.9760508850607,3.71861899542395,0.00095618234319447,0.0383462867233095,-0.681031056739917
"1626","reIEv1XEuxeXOuku5s","4933407I18Rik","71121","NM_001033160",-0.687921321652547,7.21325715856083,-3.71716540703891,0.000959782412151233,0.0383566075399996,-0.68443721179545
"1073","Za6f4dc6MUplkghtk8","Nkain1","67149","NM_025998",-0.916276196222016,7.42353278662238,-3.71600952157532,0.000962654630913745,0.0383566075399996,-0.687145519937762
"3478","rWeJ6CIBxIIoqR6BHg","Stap2","106766","NM_145934",0.74653571826608,8.02874742797811,3.71579402641852,0.000963191036559482,0.0383566075399996,-0.687650413577021
"13885","0ehh1NdAfzoeyurl5I","Serpinb1a","66222","NM_025429",-0.866179110429016,8.00919550768356,-3.71296599802668,0.000970257661499294,0.0385479524069789,-0.694275624516257
"2747","0OJIC6lJLuq9dV9TV0","Aire","11634","NM_009646",-0.699544916511023,7.23782039023137,-3.70853015634157,0.000981444161071891,0.0388178035505399,-0.704664792880981
"13697","KdevjKUf17e8UXS3VI","Scnn1b","20277","NM_011325",1.89722919445606,10.4616365215568,3.70763104850529,0.000983726901280901,0.0388178035505399,-0.706770192636605
"10244","Z5Sd7ohaOLg5UP7ZCk","Mib1","225164","NM_144860",-0.837747914694429,8.72204441251641,-3.70756988751121,0.000983882371147221,0.0388178035505399,-0.706913405666854
"5678","3dKffV8XtenWnXgvoA","Cyp39a1","56050","NM_018887",-0.701834837193487,7.49783219025946,-3.70393105959631,0.000993175572357023,0.0390171339352238,-0.715432872753611
"13805","Qkn.yAFBIX7_.dOT3E",NA,NA,"XM_001471749",-0.539619451540605,7.38851167209774,-3.70379955184452,0.000993513032614828,0.0390171339352238,-0.715740726181882
"3953","Eh91OVNeChf8SRElB4","BC061212","381724","NM_198667",-0.592934792365496,7.35128176118156,-3.70124630474292,0.00100008715652505,0.0390436545721947,-0.721717184347562
"15869","NU0U4fxDuhdXoLld4k","Trpm6","225997","NM_153417",1.20209892883397,9.5247124542052,3.69903585067663,0.00100581300186145,0.0390436545721947,-0.726890375815108
"11392","cF70lRcFutN89zr0lc","Olfr270","258600","NM_146607",-0.577101126657124,7.50032294361426,-3.69899945170558,0.00100590755567968,0.0390436545721947,-0.72697555455282
"10204","WbX984d_PAjDyZtd94","Mgat4a","269181","NM_173870",-0.579236158874012,7.47246855949634,-3.69848847348158,0.00100723584475889,0.0390436545721947,-0.728171292349411
"6879","0R7Qe7RJW24OO0WTdg","Epb4.1l3","13823","NM_013813",3.31531482169218,10.1388647795859,3.69835453865329,0.00100758429230468,0.0390436545721947,-0.728484705373025
"11402","98kM.P8qrXMvsdX9fc","Olfr378","259026","NM_147024",-0.619166849447894,7.49985188955214,-3.69812106500342,0.00100819198394528,0.0390436545721947,-0.729031036139784
"4007","NlKgjt4sYvTszUdXp4","Bcl2a1d","12047","NM_007536",-1.31473530202718,8.28294041338035,-3.69734150689725,0.00101022363684217,0.0390436545721947,-0.730855143839189
"11916","6JU6qJdwtGLA90vdxI","Pgm2l1","70974","NM_027629",-0.669728374333483,7.5560532118991,-3.6957351598027,0.00101442266724443,0.0391172396844209,-0.734613553531114
"15108","34frgjKAFtICngseUw","Tbc1d5","72238","NM_028162",-0.597684448543185,7.49998791400164,-3.69344292987734,0.00102044418157734,0.0392606109047497,-0.739975986845598
"14706","rEt6KDSTVKrQgCVJy0","Lce3c","94060","NM_033175",-0.691683124285716,7.3983724258025,-3.69060767751329,0.00102794054225565,0.0393816539118746,-0.746607535904094
"5829","ZiQOfEvDpnskOuvlKc","Enox1","239188","NM_172813",-0.595021498852053,7.38335479305134,-3.69050559365747,0.00102821145216992,0.0393816539118746,-0.746846280821094
"11406","uy_hV.nQ5_zfEZE13o","Olfr437","258293","NM_146296",-0.730413902372557,7.51131961135728,-3.68616836249555,0.00103978630103538,0.0394808111470307,-0.756988187371845
"8581","BQH0HSmUHdTXUQJVok","Hs6st2","50786","NM_001077202",-0.636039566354313,7.35499348612719,-3.68615333572486,0.00103982662386473,0.0394808111470307,-0.757023319454858
"7504","cnW51Un1Sj4EIXlzRs","Trub2","227682","NM_145520",-0.623753520437289,7.50785647373116,-3.68574251746638,0.00104092960579569,0.0394808111470307,-0.757983783769854
"12018","BIIKQpSCHAngNUlKiU","Pilra","231805","NM_153510",-1.01526303271474,7.51324034764185,-3.68464948388564,0.0010438698008644,0.0394808111470307,-0.760539079491159
"554","fBYpqCRJqSFdBHarQs","Smap2","69780","NM_133716",-0.533133718559027,7.44573463011552,-3.68394039295804,0.00104578155347267,0.0394808111470307,-0.762196684323355
"2502","Egi1G99X60ScAolDAU","Adam32","353188","NM_153397",-0.633514279316043,7.38993432893641,-3.68346776025862,0.00104705770075582,0.0394808111470307,-0.763301485368272
"634","W8zFCgEcQM4.U53Ex8","2010106E10Rik","67715","NM_026333",-0.672485584501024,7.31259570866353,-3.68244064422914,0.00104983624996176,0.0394808111470307,-0.765702285364618
"1485","fzt9U3n9x5O_ET_FF0","Ubqlnl","244179","NM_198624",-0.872211043246859,7.20683718167596,-3.68212996703109,0.00105067811129562,0.0394808111470307,-0.766428432411773
"6175","ukhZKRfiKNJ_GieR9c","Dhrs9","241452","NM_175512",-0.74254998738843,7.19921870904733,-3.68166075878728,0.00105195080516496,0.0394808111470307,-0.767525083353045
"2209","Wrvq7jKw0fJxNFRNXk",NA,NA,"XR_005345",-0.673343691574131,7.40523457063095,-3.6799173794218,0.00105669281254006,0.0394808111470307,-0.771599443600146
"16883","EihR_iH0ToMoP7htek","Zfp445","235682","NM_173364",-0.645102618427646,7.34982886145466,-3.6789488918837,0.00105933612853254,0.0394808111470307,-0.773862619392471
"9361","fsnNxfrCig37S7hREY","L1td1","381591","NM_001081202",-0.657901628216358,7.28784641952352,-3.67883812662212,0.00105963885434036,0.0394808111470307,-0.774121446994016
"12611","lV7H5G7HXd.03u5tcc","Psg18","26438","NM_011963",-0.807731177707524,7.18940865515602,-3.67837204287853,0.00106091360627435,0.0394808111470307,-0.775210531913605
"2421","om1I45Q7p6Q706KhT0","Acot7","70025","NM_133348",1.58918770375652,10.1693717710909,3.67532843677939,0.00106927488307637,0.0397052747432542,-0.78232152151164
"16135","Kd4kgzuwUAwgIMwgM8","Ubqln2","54609","NM_018798",-0.644515031577713,7.36271596272657,-3.67313157282414,0.00107535000843209,0.0398344137591422,-0.78745321436721
"14933","lT34TiAPvguhJy8OsE","Sult1d1","53315","NM_016771",-0.579883979455984,7.54299878795232,-3.67238330245352,0.00107742693868602,0.0398344137591422,-0.789200921477522
"8701","TelHap4nqhiSKeO.zA","Ier5l","72500","NM_030244",-0.914507438177919,8.71291835569761,-3.67029930308521,0.00108323205813612,0.0399623532443119,-0.794067929030104
"11157","N5F5Vgle7k6L1LFCU4","Nrp2","18187","NM_001077406",-0.566482514266091,7.31084267729226,-3.66906410334068,0.00108668720451174,0.0400032326429763,-0.796952279435351
"11387","094e.3Ec18VU50FU00","Olfr168","258354","NM_146357",-0.58881307593564,7.4752053016383,-3.66627160143921,0.00109453823566753,0.040205408811891,-0.80347215163522
"6468","Nnn4NIKI8ER4FnEIqQ","Dyrk1a","13548","NM_007890",0.884500105586419,8.58816385449455,3.66522944720933,0.00109748239819615,0.0402268602039896,-0.805905001856732
"13141","Wktw4okSQ0rghXrScc","Recql4","79456","NM_058214",-0.830860119901464,7.37869476303179,-3.66349372743079,0.00110240311877411,0.0403205123527595,-0.809956520158824
"7339","6tCU11IoST2VUISl.s","Fndc7","320181","NM_177091",-0.651289610944144,7.20061392301637,-3.66187158560349,0.00110702133099169,0.0404027228381636,-0.813742447690242
"4855","BhIdBtRAlS44Psusko","Cdkn2b","12579","NM_007670",-1.35978876588856,11.6127162381253,-3.65411544098925,0.00112936547581432,0.0411301392516652,-0.831838166476529
"1717","fZkKnXfCF0CiO5.OsA","Larp6","67557","NM_026235",-0.851570009663492,7.73501350995013,-3.6512183961983,0.00113782387233273,0.041336759795689,-0.838594480667539
"4243","0d7ecMI31Gf0g.g5RU","R3hdm4","109284","NM_177994",0.642185968205421,7.91455054669279,3.65051409448334,0.00113988952733946,0.041336759795689,-0.840236785718641
"6326","Zn9f7v7wKW7UJV0jlI","Dolpp1","57170","NM_020329",0.832669866510141,10.3991269673083,3.6473611290912,0.00114918188269204,0.0415852569184779,-0.847587851902269
"14032","Bfteb9IKQF1k9d15zk","Shh","20423","NM_009170",2.2375490733643,10.6704076784234,3.64424357420246,0.00115844259404069,0.0418315584170116,-0.85485461444647
"8736","Q39e1GqpERJeRFhORM","Ift140","106633","NM_134126",-0.56346619917008,7.68487280250888,-3.64050848588712,0.00116963367317958,0.0421295688260567,-0.863558502857992
"16569","xr6d00l8P_gJJx8VdI","Wsb1","78889","NM_001042565",-1.0327705047893,10.8687995362668,-3.63984287475085,0.00117163902977886,0.0421295688260567,-0.865109315413517
"8369","KXU50130F6712qg9C8","Hhat","226861","NM_144881",-0.737936975992702,7.64540817179811,-3.63670351294782,0.00118114265709493,0.0423532814790501,-0.872422662247867
"13508","xbvt44dv5R8ZFTWKgI","Rps6ka5","73086","NM_153587",-0.701301583673918,7.80221258065084,-3.63542225578954,0.00118504292848435,0.0423532814790501,-0.875406922365978
"6286","idtrDVeiiAR3lipB6M","Dnalc1","105000","NM_028821",-0.616504045660511,7.4076221326065,-3.6353329094685,0.00118531537582181,0.0423532814790501,-0.875615013666808
"12317","id7.Oe86uAd6iPde_E","Pparg","19016","NM_011146",-0.798427585723239,7.18800359854378,-3.63346881855699,0.00119101358937756,0.0423852917000103,-0.879956229169542
"9251","0IpJSJNRMJJSJNRAbo","Klhdc5","232539","NM_001081237",-0.623655933436565,7.37213780316556,-3.63297422399777,0.00119252996521551,0.0423852917000103,-0.881107967208583
"5993","H5LlJPJJJVl6dUd6PU","Dbn1","56320","NM_019813",-0.594639691033054,7.26855761137838,-3.63260223902161,0.00119367167425516,0.0423852917000103,-0.881974161082131
"7640","TivpLuc0giDMpKuNUo","Ano5","233246","NM_177694",-0.729967126408079,7.32880701465905,-3.63073279827763,0.00119942559976733,0.0424339008120296,-0.886326908130816
"10528","BcVLE658utekOeRzTo","Msc","17681","NM_010827",-0.996405875706539,7.63234436854553,-3.62998773170614,0.00120172636693826,0.0424339008120296,-0.888061520525847
"5168","0hHnd7_I_hwKdSABWo",NA,NA,"XM_993589",-0.772411376286327,7.5369330991749,-3.62923016566935,0.00120407014898932,0.0424339008120296,-0.889825129635459
"10995","3zZy42_UDhvejqXs1U","Nkx2-2","18088","NM_010919",-0.69933577796538,7.20318478286476,-3.62893024175023,0.00120499929553053,0.0424339008120296,-0.890523321782484
"9600","xfQhS4pQSZ2KfUj1c4","Scube3","268935","NM_001004366",-0.586091300387109,7.56892237525502,-3.62790059912887,0.00120819439539573,0.0424586912889173,-0.89292009941922
"10897","Q5CnUt6Sq0EgoaX0AU","Nek8","140859","NM_080849",-1.01027551926799,8.6380344057123,-3.6259663748059,0.0012142188871628,0.0425826064049438,-0.897422017304839
"9926","TdUo_6.7VEnAkaUgh0","Manba","110173","NM_027288",-0.766801238246865,9.22674103565577,-3.62207317582966,0.00122643398151646,0.0427917092579496,-0.906481382229022
"4163","rqW0SCf09C153zTeWM","Bre","107976","NM_181279",-0.58255415118369,7.46304567839522,-3.62206224388474,0.00122646844926412,0.0427917092579496,-0.90650681664179
"14027","rXqDURrpJYieQtvd48","Shd","20420","NM_009168",-0.727647854250868,7.41800210355082,-3.62133730255369,0.00122875625548976,0.0427917092579496,-0.908193426028261
"9148","copREhCdKVI7VP8ye0","Kcnq1","16535","NM_008434",-0.747665713318565,7.41826820132022,-3.62087291481514,0.00123022398124826,0.0427917092579496,-0.909273794686175
"14534","uz6o77qderuLqSgHug","Sntb2","20650","NM_009229",-0.72831829451728,7.95061916847098,-3.61982094832631,0.00123355511509592,0.0428201901867511,-0.9117209812483
"11370","lfkFQiS894i46AP7pU","Olfr1385","258027","NM_001011805",-0.572438328427051,7.2266454504117,-3.61282084827815,0.00125594667748222,0.0435088519735913,-0.928000088023239
"9935","TS072r53.q56er6i6s","Map1lc3a","66734","NM_025735",1.12661518194905,10.5393390287863,3.60856175692228,0.00126976394381177,0.0438040926036131,-0.93790038317594
"6176","6jpdeDX5QKIS97xH5U","Dhrs9","241452","NM_175512",-1.05243991465384,7.14291932120467,-3.6072039135297,0.00127420012403652,0.0438040926036131,-0.941055990978424
"10003","TiF1jnCJHUHnghuHmU","Mapt","17762","NM_001038609",-0.641108931064336,7.28689255179767,-3.60634861226311,0.00127700221620994,0.0438040926036131,-0.943043521465061
"2419","N7TRTdaGThfRCQwtTo","Acot7","70025","NM_133348",1.453334159331,11.3723414347649,3.60563562229271,0.00127934266829816,0.0438040926036131,-0.944700247438263
"6370","HiFQLsq0jMdegVCJQg","Dqx1","93838","NM_033606",-0.75923868127534,7.35369353288003,-3.60558232411387,0.00127951779220648,0.0438040926036131,-0.944824088943372
"8060","Wy6H4kKu2aGWT3NZFs","Grik5","14809","NM_008168",0.765507855155742,7.89252731710329,3.60546919368818,0.0012798895867519,0.0438040926036131,-0.945086952488042
"8829","xNbt9cCzqeh79w5fVQ","Il1b","16176","NM_008361",-2.037064426102,8.91932548607248,-3.60355960126419,0.00128618123989782,0.0439274783626666,-0.949523612882514
"14405","luRTwY9YP9BAq5T5wo","Slitrk6","239250","NM_175499",-0.615634938853562,7.21720780148985,-3.60281299299427,0.00128864933004772,0.0439274783626666,-0.951258062602221
"505","6OCEQjii3k6DVSeF6Q","Phgr1","53906","NM_025308",3.90744578939023,9.86634433550841,3.5994798363684,0.00129972432061888,0.0441859617902876,-0.959000058137648
"11520","B3VLlwCV7.q12eTjnU","Osm","18413","NM_001013365",-1.21551483036901,7.93432452972449,-3.59897281907009,0.00130141708628986,0.0441859617902876,-0.960177534866737
"14397","BJ0eefTiVXUF35.2wQ","Slfn1","20555","NM_011407",-0.938513403314204,7.42005940531073,-3.59774219853225,0.00130553467399056,0.0442376401262328,-0.963035277060953
"8720","KeQp7eOSSuquSg.VeE","Ifna1","15962","NM_010502",-0.697991118796651,7.41265260929701,-3.59488190826767,0.00131515418173521,0.0444751743521723,-0.969676325725098
"8647","TVdI2TRGfXd4vUAQk4","Htra3","78558","NM_030127",-0.688328940624779,7.33192934978237,-3.59333079719461,0.0013203996228971,0.0445641409359567,-0.973277061669093
"16873","H_FCrPeSYFohQIvFXE","Zfp395","380912","NM_199029",0.781601075058557,7.72702038144065,3.59226437876556,0.00132401779039069,0.0445979431213814,-0.975752371278489
"11996","Qe30IXed88iogfyTqo","Pigr","18703","NM_011082",2.70797239345044,9.33964981345265,3.59138724692888,0.00132700098531387,0.0446102658652654,-0.977788157606097
"14885","QpM4vJ1LkYEnHS75W4","Strap","20901","NM_011499",-0.824174172813958,11.4695583442954,-3.58904128155586,0.00133501203633651,0.0446936750990796,-0.983232325288637
"3489","TIJEtInlXqPk0qBp40","Vopp1","232023","NM_146168",-1.43436861334864,9.40848540340352,-3.58855884592032,0.00133666530233182,0.0446936750990796,-0.98435176010083
"5757","Zrp9e1AjAqffpAuevs","Esyt2","52635","NM_028731",-0.754672753104959,8.32038746500982,-3.58835954286725,0.00133734887940217,0.0446936750990796,-0.984814206286186
"11719","Wn3skuLtniiDBCMt2g","Pcdhgb8","93705","NM_033580",-0.62349349685887,7.41105756303026,-3.58488541034448,0.00134931947590122,0.0450054816971828,-0.992874073735265
"3989","0huWTctSbXZ9UiHQiA","Bcat2","12036","NM_009737",1.20081587848812,9.17283042530385,3.57980648818361,0.0013670077376703,0.0455064060172904,-1.00465283157554
"16759","otQBKBE3VIlAXQyZ2E","Zfp106","20402","NM_011743",-0.703884889570113,8.07165847780083,-3.57810234927872,0.00137299318581081,0.0455655560134465,-1.00860386428645
"2980","QSekh7tVB8V1.1zgp8","Aoc2","237940","NM_178932",-0.648186582554453,7.43527003700873,-3.57777910008319,0.00137413141228066,0.0455655560134465,-1.00935325175906
"2480","fl3U7k4AuEJOrVTP3E","Magi2","50791","NM_015823",-0.644484152967396,7.20578422164698,-3.5767759339027,0.00137766962326539,0.0455941768134665,-1.01167875980611
"8801","lK77FZiOZ662I5WiEg","Il12rb1","16161","NM_008353",-0.579275683737279,7.36013159264956,-3.57513424009867,0.00138347910994905,0.0456977092053713,-1.01548406231447
"9773","3aXdBJwTKv6CSTyNf4","Lrrn1","16979","NM_008516",-0.800878647194593,7.40456382140365,-3.57416674172774,0.00138691398308334,0.0457225569200628,-1.01772639430555
"7191","QRcdH3Qk1YJXo4IBIk","Fcgr2b","14130","NM_010187",-2.22286263827363,9.20459235118516,-3.57281035957593,0.00139174348994342,0.0457931969934278,-1.0208697207898
"6280","9hW3FCnnouyv3v7lS4","Dnajc5","13002","NM_016775",-0.753240684310281,11.5464886293092,-3.57202619757558,0.00139454303204002,0.0457969006514259,-1.02268680166616
"2527","xUXNyL.TV08006hTT8","Adarb1","110532","NM_001024838",-0.988609288987382,7.57626142342615,-3.56947664289773,0.00140368318591125,0.0459164272504247,-1.02859387014271
"6816","Qn6l2DTpw2glfUH2Kc","Elovl1","54325","NM_001039176",1.70853651827618,10.4824501181045,3.56821236576533,0.00140823724002067,0.0459164272504247,-1.03152260654525
"3355","cPGp5WXoFYFjZ6Y_Xw","Atp2b2","11941","NM_001036684",-0.709497928539351,7.34835870309039,-3.56812782181673,0.00140854228879558,0.0459164272504247,-1.03171844404298
"15856","xVSXoFd40H56hcwbfI","Trp53inp2","68728","NM_178111",1.3642587651245,11.3004375391604,3.56757543857102,0.00141053696528543,0.0459164272504247,-1.03299794954938
"15555","cShg56bonfunS9.uR4","Tmod1","21916","NM_021883",0.880667556275129,8.40355484452608,3.56691186582382,0.00141293678978422,0.0459164272504247,-1.03453492852675
"1086","c1wuo9cje7k7Sl5wgk","Lipt2","67164","NM_026010",-0.740326261151955,7.63722187709632,-3.56652253870492,0.00141434665022723,0.0459164272504247,-1.03543665483587
"7909","lvk_d10P3V6n156eUU","Gpaa1","14731","NM_010331",0.808129325470718,9.07438735117537,3.56476716736082,0.00142072036902381,0.0460356615392429,-1.039501927985
"9144","TgE6FTXlX3iVLvJ17U","Kcnn1","84036","NM_032397",-0.637983958583772,7.55614747589024,-3.56086460973345,0.00143499088595349,0.0462266642682182,-1.04853771477301
"5036","xcWISIq2hInmSoQt1I","Cit","12704","NM_007708",-0.777901049506522,7.41973761141503,-3.56075952379936,0.00143537707854846,0.0462266642682182,-1.04878098409668
"1641","xauHDJ6ADpFReHK50s","Zfp689","71131","NM_175163",-0.680068719121977,7.24193747542575,-3.55978536351828,0.0014389619562244,0.0462266642682182,-1.05103601885379
"8057","QBA66xjCqg7olCh1qI","Gria3","53623","NM_016886",-0.760446251142088,7.16374864370835,-3.55942611453503,0.00144028618020969,0.0462266642682182,-1.05186757910749
"7314","0VfqpV5fSfFcx.xeH8","Flt4","14257","NM_008029",-0.644585675335413,7.34095668563885,-3.55929088949102,0.00144078493924624,0.0462266642682182,-1.05218058042233
"4441","NX6qDm.lKVbnp9.vHM","Camk2a","12322","NM_177407",-0.632402482875778,7.47923119248755,-3.55860823014618,0.00144330540383739,0.0462266642682182,-1.05376065627807
"10859","x7NePH.UIiJLoIJ4o4","Ndufb9","66218","NM_023172",0.778666168668238,10.3265858122681,3.55697879883432,0.00144933883977736,0.0462266642682182,-1.05753174833178
"16645","HqTnN5V0HiR3s83.uI","Ypel1","106369","NM_023249",-0.874390397027084,7.54907584299537,-3.55635316708636,0.00145166194039116,0.0462266642682182,-1.05897954656241
"9652","3hKxXuFLid3_MehEdk","Gm5592","434172","NM_001033782",-0.716369468980917,7.24703634920248,-3.55631366556021,0.00145180873940381,0.0462266642682182,-1.05907095594875
"12983","ZV0CYnbvfE.qP4a4ik","Rap2c","72065","NM_172413",-0.890850819831153,10.0267437254572,-3.55533209973912,0.00145546116610854,0.0462266642682182,-1.06134227102739
"14103","9T4d3HlB1SiKU63m3A","Sla","20491","NM_009192",-0.719331757609892,7.50357604476354,-3.55506700714659,0.00145644911476374,0.0462266642682182,-1.0619556549463
"14432","iUToEvgM54HG5WkkDo","Smarcc1","20588","NM_009211",-0.672465967423842,7.34028382692225,-3.5535443414779,0.00146213645478165,0.0462945199134521,-1.06547860184311
"9506","EYIeOKv6n0E06ukKJI","Lin7b","22342","NM_011698",-0.609219383903238,7.36176974788019,-3.55304149965315,0.00146401937534327,0.0462945199134521,-1.0666419112118
"9207","NkIeJD.gV.m5OTF04s","Kif2a","16563","NM_008442",-0.798717676016549,9.0013141606743,-3.55210299216964,0.00146753998919077,0.0463199103254954,-1.06881298561635
"8468","0Z_fFZ_WX1eWWXa5X0","Hmx1","15371","NM_010445",-0.574039296337495,7.36032497245413,-3.55013112850765,0.00147496389798967,0.0464446485088187,-1.07337397996303
"7693","uoSl4VW5.X3XiQgdE0","Ghrl","58991","NM_021488",1.53228182067863,8.58726781490834,3.54960735477441,0.00147694200256863,0.0464446485088187,-1.07458535808264
"10798","WXEPggqt_o1XAfkxWs",NA,NA,"XM_001472256",-1.04133433882234,11.8170630504361,-3.54708404454925,0.00148650788702152,0.0466106268478875,-1.08042047551722
"16277","EtEn75zc0g5L5e7794","Usp43","216835","NM_173754",-1.18796367649937,8.23535010177629,-3.54606009372573,0.00149040687193382,0.0466106268478875,-1.08278798388812
"16386","EOpG1mZ6me6eedme54","Vldlr","22359","NM_013703",-0.778845933990652,7.33795602525351,-3.54389283433005,0.00149869219461687,0.0466106268478875,-1.08779827930835
"1507","lIsde1zXDJ6UdJSV70","Ccdc116","76872","NM_029779",-0.794734469862309,7.28618817181896,-3.54375088394756,0.00149923642546861,0.0466106268478875,-1.08812640900991
"4542","HFblJ7HpWWhXt4TdQ4","Cbl","12402","NM_007619",-0.620498496398403,7.27894040598991,-3.54367073430745,0.00149954380025854,0.0466106268478875,-1.08831167955057
"14727","65dJ4_c39en7X_oJaE","Srebf1","20787","NM_011480",1.03365274745958,8.74442321913947,3.54343127104906,0.00150046251007958,0.0466106268478875,-1.08886520508226
"3510","NviBCDzOzXuuj.7jHM","Ngrn","83485","NM_031375",-0.653500461293438,7.29031601073461,-3.54211993054607,0.00150550324109192,0.0466106268478875,-1.0918961985929
"9551","xJ5TAUaN0kIEFwCztU","Gm382","211208","NM_001033241",-0.514902532519189,7.55928145502421,-3.54178080689121,0.00150680949668595,0.0466106268478875,-1.0926799827381
"16951","Bqr4.fX9J0S9POkKC0","Zfp709","236193","NM_145624",-0.555774246547948,7.69805965640435,-3.54177480299041,0.00150683263278491,0.0466106268478875,-1.09269385877293
"8818","9k4ZXZZenSebnFY.Xk","Il17rc","171095","NM_134159",1.01226731485467,9.3505616437266,3.5393330695632,0.00151627060186566,0.0468176016996347,-1.09833651847359
"11383","3L.unqnxPnpddLl_uI","Olfr1500","258097","NM_001011831",-0.668208786461364,7.47510956966161,-3.53844047872932,0.0015197350507157,0.046839718271968,-1.10039892811329
"14783","HTklLs0lf7HyC7pV10","Ssr3","67437","NM_026155",-0.663597660409529,12.955256025339,-3.53763597435538,0.0015228642064526,0.0468514395934624,-1.10225766855061
"10603","xk6BK3lzuy7q7UfSXI","Mtrr","210009","NM_172480",-0.577585781694318,7.55428525080106,-3.53355876079586,0.00153881937615886,0.0471788377014447,-1.11167571993965
"2146","xkLWjsKCwTn3IO9QhE","Ccdc42","276920","NM_177779",-0.703684806465468,7.25891884189459,-3.5335021340519,0.00153904211229777,0.0471788377014447,-1.11180649968821
"13907","unJflEGVx4ise2B7IQ","Setd7","73251","NM_080793",-0.47301459819058,7.42460214071553,-3.5322385632689,0.00154402042137728,0.0472464704882484,-1.11472455353188
"91","liSd17v1W.eOe83nxI","Tomm6","66119","NM_025365",1.12166658268403,8.96992145131663,3.53152237650401,0.00154684906083835,0.0472481996289047,-1.11637835062483
"848","rnku.E798O77f9Dp7M","Vps26b","69091","NM_178027",0.743180293167518,9.68648692650795,3.53012708655451,0.00155237436359447,0.047332144281045,-1.11960001310827
"11368","EGeKBCjuAole6CucqI","Olfr1381","258461","NM_146469",-0.516114603367403,7.55657102837159,-3.5280868480003,0.00156048822637363,0.0474765652886343,-1.12431011986465
"10957","TlR4lC7cRQHzwvSdeg","Klk1b4","18048","NM_010915",-0.66757907882101,7.27560899135076,-3.52638776111014,0.0015672768334432,0.0474765652886343,-1.12823199405181
"7903","WCL3d0SVZ66WLaUius","Gp1bb","14724","NM_001001999",-0.764160922744031,7.37396891872857,-3.52585349990878,0.00156941737583631,0.0474765652886343,-1.12946506706024
"9210","BoVAo53nWUv0gIDYIk","Kif3a","16568","NM_008443",-0.895697453170463,10.0884838393073,-3.52568094855998,0.00157010931830023,0.0474765652886343,-1.12986330251224
"12076","igBJJXk.X9blFKJ94g","Pkn2","109333","NM_178654",-0.694862304944184,9.04453798777809,-3.52544931420295,0.00157103865423549,0.0474765652886343,-1.13039788750279
"4229","uIJEZZQKQibf34Ujgg","Bzw2","66912","NM_025840",-1.27191128958644,11.7364903827004,-3.52428706859752,0.0015757097632792,0.0475334463811161,-1.13308004862905
"9582","c7jnQNQl7uQlecTggU","Gm4907","236749","NM_001034864",-0.593564811473432,7.3580379104369,-3.52047272101233,0.00159113489666835,0.0478659163071436,-1.14188062713019
"13250","Hs9Ti9BwlK.FwilBWs","Rhog","56212","NM_019566",0.771564012464893,9.96686688480799,3.52003064732629,0.00159293210255118,0.0478659163071436,-1.14290039973515
"13257","6adI4OCFUIssXe9eKI","Rhox10","434769","NM_001024850",-0.976995627492265,7.17881311761736,-3.51948426485079,0.00159515609378418,0.0478659163071436,-1.14416073560133
"12714","62V02Imo4LGKGU1L00","Ptp4a3","19245","NM_008975",0.853771048210442,9.75048543019227,3.51678308005848,0.00160619542504895,0.0481124689359126,-1.15039063236449
"8242","fgJdrtJTf0Pu9kl9lk","H3f3a","15078","NM_008210",-0.819910129122744,7.78309091729379,-3.51364750307881,0.00161910325510142,0.0484140278595588,-1.15762050339162
"1622","Eo4HsHkSEerulgtIho","Calr4","108802","NM_001033226",-0.694619301407742,7.33095082561561,-3.51223534166643,0.00162494941437757,0.0485037439906327,-1.16087593640799
"8836","QdI.4k0IC0VaKN0pkE","Il1rap","16180","NM_008364",-0.740486350263042,7.59637875344471,-3.50846722801717,0.0016406495436171,0.0488411833624197,-1.16956048215548
"1550","BFNyvPE60NESSJzhTg","Pih1d3","74708","NM_029062",-0.612915674078878,7.22619010863077,-3.50814825111072,0.00164198533599311,0.0488411833624197,-1.1702955073981
"16121","fCRYzQfhV.t.hcqe3s","Ube3b","117146","NM_054093",0.782767285420386,11.7707257657344,3.50664561615726,0.00164829221806236,0.0489433668373779,-1.1737577757256
"11433","0ofg188yHdC93PP3pU","Olfr66","18367","NM_013618",-0.538645223761804,7.55059759659962,-3.50270834704626,0.00166492969929383,0.0493079514514104,-1.18282752459448
"16449","KqIATJOe38F6IdKEkk","Wars2","70560","NM_027462",-0.63887721692658,7.45822014814195,-3.50237247880779,0.00166635649119998,0.0493079514514104,-1.18360106820231
"6239","frOICjzl5_.fxJ.s64","Dmrta1","242523","NM_175647",-0.59986471224943,7.22940568860863,-3.50107683643646,0.00167187161618188,0.0493095364500834,-1.18658486164379
"10654","T39XFZ0GEknZUDXsXY","Myc","17869","NM_010849",-0.708111468993222,7.73727626368943,-3.50100071251592,0.00167219620207394,0.0493095364500834,-1.18676015991144
"8343","uVvp3cQgvHg7AlSfoI","Herc3","73998","NM_028705",-0.6784711467296,7.60686322531826,-3.49641605383489,0.00169185814148423,0.0498031609040711,-1.1973154721059
