"","ID","Symbol","logFC","AveExpr","t","P.Value","adj.P.Val","B"
"19184","10419170","Txndc16",0.927211846293954,5.73687170405117,11.6001894524261,6.62266193440137e-08,0.00137221555280796,7.99605434746081
"4646","10523120","Cxcl5",-1.30417806197917,7.76340702745259,-9.74086187506717,4.51443616263141e-07,0.00312338330855477,6.4664230683558
"13808","10463997","Pdcd4",2.38133838109105,8.01582342805344,9.57260115981992,5.44801233232189e-07,0.00312338330855477,6.31036777605166
"15306","10547177","Rassf4",1.51875126739823,8.31886462329034,9.48274668139295,6.02969750686248e-07,0.00312338330855477,6.2257164411586
"8780","10462618","Ifit3",5.0192968927008,7.60669882200036,9.01158536510904,1.03937082839664e-06,0.00366442508905112,5.7663664437667
"3811","10470775","Cercam",0.74451949580897,7.20527582293214,8.73446746486203,1.4464415660264e-06,0.00366442508905112,5.48360993819719
"5800","10593634","Elmod1",-0.971466457261223,5.87373905435565,-8.67296854990756,1.5581762366059e-06,0.00366442508905112,5.41955163839577
"19885","10522090","Wdr19",1.02055750777752,6.30417795214372,8.54814667968252,1.81440509487935e-06,0.00366442508905112,5.28804571666635
"6682","10565401","Folh1",1.44109306052847,9.05779794941745,8.53255204158287,1.8494595002666e-06,0.00366442508905112,5.27147459869591
"8323","10573713","Heatr3",-0.612193071953032,9.03608275564301,-8.51538349390788,1.88889197497935e-06,0.00366442508905112,5.25319445828561
"4595","10492699","Ctso",0.992312276746503,5.48933288217293,8.49143806065656,1.94539941986305e-06,0.00366442508905112,5.2276345194402
"7857","10538187","Gpnmb",0.938147020987838,11.0214943806381,7.99796024315699,3.62138881958154e-06,0.00535181280832846,4.68388555648256
"14123","10519951","Pion",1.19562312736276,6.3313957203669,7.96167522149976,3.7947600666092e-06,0.00535181280832846,4.64259608217784
"6831","10381603","Fzd2",0.554650426781269,8.15253935247306,7.96048339306166,3.80060303158444e-06,0.00535181280832846,4.64123677365865
"5162","10559312","Dhcr7",-0.635248979492612,7.82944867609026,-7.94560051006228,3.87438185931114e-06,0.00535181280832846,4.62424584384759
"2234","10496971","Asb17",-0.883626730895055,6.02422423411427,-7.86352086417878,4.30974097082542e-06,0.00558111455721892,4.52998430498822
"17024","10462237","Smarca2",0.897892689325326,9.43380620394568,7.60842498634352,6.03069010845692e-06,0.00722664898072986,4.23094096602696
"19841","10584435","Vwa5a",1.18116111683526,7.24621382000028,7.57829984883333,6.27797691376146e-06,0.00722664898072986,4.19500966705583
"5493","10449284","Dusp1",1.54632068320416,9.89985928046096,7.31932505515356,8.90887080448909e-06,0.00916812712216206,3.88064855799152
"16016","10493798","S100a16",-0.72173537284484,9.40983773129684,-7.29728527603228,9.18170963951274e-06,0.00916812712216206,3.85343769285702
"9612","10391013","Krt13",-0.825375019433569,6.66229100372364,-7.25231420459129,9.76644471946964e-06,0.00916812712216206,3.79769030101591
"16659","10595189","Slc17a5",1.05605730820462,8.42360104947023,7.23056913928598,1.00633067452908e-05,0.00916812712216206,3.77062590235227
"8414","10434252","Hira",-0.533526267612224,8.73246640428612,-7.20863467259426,1.03725178069399e-05,0.00916812712216206,3.74325384357651
"14686","10447294","Prkce",0.668296181628149,7.7606843754338,7.19161259919342,1.06194522650526e-05,0.00916812712216206,3.72196209230445
"1718","10533345","Aldh2",1.47201122704696,7.61281077366673,7.09337506905137,1.21725384534556e-05,0.00996585635509005,3.59822824452724
"20102","10389581","Ypel2",0.877147660361731,5.43969562678305,7.0670729825262,1.26282306589877e-05,0.00996585635509005,3.56485131801706
"13773","10479726","Pcmtd2",0.954783605044593,7.21538139884932,7.03410423625341,1.32252379995854e-05,0.00996585635509005,3.5228655991405
"9953","10494445","Lix1l",1.21228644163395,8.88226674136687,7.00270098732093,1.38219062692381e-05,0.00996585635509005,3.48271909585929
"15283","10386455","Rasd1",0.585313032338122,7.31795083422265,6.96072253752773,1.46646543059882e-05,0.00996585635509005,3.42881699581369
"9873","10393573","Lgals3bp",3.16004081359323,8.4337418615387,6.93166571513695,1.52799275383546e-05,0.00996585635509005,3.39134818689576
"3118","10433057","Calcoco1",1.68214434703607,8.3054146288336,6.93070545241049,1.53007241799331e-05,0.00996585635509005,3.39010770738622
"15059","10560644","Pvrl2",0.799197139663081,7.77882392332982,6.92654008448828,1.5391283946085e-05,0.00996585635509005,3.38472518701481
"18956","10503259","Trp53inp1",2.17748621578743,6.5768355826476,6.7947055809869,1.85735419465036e-05,0.0116619330039865,3.21298074340252
"2618","10538901","BC005685",1.21683945686078,9.2815925247367,6.74837803921764,1.98522775652833e-05,0.0120982115044903,3.15198713326074
"9213","10544148","Jhdm1d",2.1969814586544,7.00233190868697,6.70878366452687,2.10194071331402e-05,0.012443489022819,3.09959242001422
"17460","10424349","Sqle",-0.881417289336166,9.03446322521007,-6.64542106517288,2.30415095956113e-05,0.0132616688561408,3.0152340310492
"16890","10426544","Slc48a1",0.46387881973426,9.8667171713724,6.61892543610301,2.39474899476471e-05,0.0134105943706824,2.97977160587209
"8416","10404069","Hist1h1a",-1.07372808776039,9.96979096725546,-6.59966821672326,2.46296811232015e-05,0.0134296577071773,2.95392780292539
"4457","10585214","Cryab",0.79769999647448,8.85661726406225,6.5562018716884,2.62465462873085e-05,0.0136383307935365,2.89537927319465
"19355","10386789","Ulk2",0.887516057062109,7.36853471531241,6.55406664271819,2.63288239257462e-05,0.0136383307935365,2.8924954512601
"5003","10359929","Ddr2",0.558909275074291,5.82277396601377,6.44915005686222,3.07290419751937e-05,0.0141200114747996,2.74990521056067
"11119","10445826","Mocs1",0.81003478875499,7.28476961385594,6.42812557922145,3.17012418498911e-05,0.0141200114747996,2.72112071063358
"10699","10436428","Mina",-0.680527921611837,9.04354083495847,-6.42349030655371,3.19199441508535e-05,0.0141200114747996,2.71476510535866
"2861","10384968","Bod1",-0.61046897585034,7.35818205351994,-6.38305663998506,3.38970064932615e-05,0.0141200114747996,2.65917952872599
"1232","10439701","Abhd10",-0.466286140051976,7.86131945390095,-6.38247905542032,3.39261723706618e-05,0.0141200114747996,2.65838361182954
"6426","10390574","Fbxl20",1.66009047511081,7.39153601143686,6.36840364053706,3.4645223054291e-05,0.0141200114747996,2.63897107816539
"5176","10376726","Dhrs7b",-0.695466567642001,9.83634546081346,-6.36204890832586,3.49751407276086e-05,0.0141200114747996,2.630196379265
"14404","10454478","Polr2d",-0.889513452399744,8.71101080855175,-6.33105698320432,3.66326077559974e-05,0.0141200114747996,2.58730972071533
"9614","10391025","Krt15",-1.73394789038668,7.18115508226458,-6.324715563155,3.69819077031936e-05,0.0141200114747996,2.57851550483311
"15168","10486057","Rab5b",0.528947608921493,8.91012060290672,6.32147309276239,3.71618739724846e-05,0.0141200114747996,2.57401639119276
"8724","10462621","I830012O16Rik",3.23430892084478,4.63155605276932,6.31992443878428,3.72481562456919e-05,0.0141200114747996,2.57186695055069
"6960","10526181","Gatsl2",1.3508231679055,7.36669899773276,6.31378252220275,3.75924475199771e-05,0.0141200114747996,2.56333854681539
"7027","10557470","Gdpd3",1.53027409296205,8.07840970601455,6.30752854710917,3.79464910580205e-05,0.0141200114747996,2.55464833051325
"2538","10489891","B4galt5",0.518222660087529,8.98419076764214,6.29129140314148,3.88823047474437e-05,0.0141200114747996,2.53205671465361
"18101","10430871","Tdg",-0.911814154194833,9.79115206624776,-6.29043494841491,3.89323405094177e-05,0.0141200114747996,2.53086390878858
"16935","10507500","Slc6a9",0.983010124103458,9.60814528022762,6.27750087072499,3.96963345364872e-05,0.0141200114747996,2.51283598513933
"10331","10564909","Man2a2",0.65832991798601,7.83229517277611,6.26036485299631,4.07331031819339e-05,0.0141200114747996,2.48890990599241
"15702","10386230","Rnf187",-0.435856976351968,10.5835615898749,-6.25024313011036,4.13589472550872e-05,0.0141200114747996,2.47475534443844
"6578","10524052","Fgfrl1",0.614741316428148,7.00031502714569,6.22051649182767,4.32566527006374e-05,0.0141200114747996,2.43308940533687
"11678","10563891","Nck2",0.531255909209746,9.1369446716858,6.21069620675204,4.39036765362722e-05,0.0141200114747996,2.4192937066536
"9407","10520612","Khk",0.644688377093136,7.25799781519656,6.20908826471737,4.40105919108619e-05,0.0141200114747996,2.41703336474972
"7291","10516037","Gm12888",2.58114001120442,4.06505657600904,6.18298785478533,4.5785204964008e-05,0.0141200114747996,2.38028487353145
"8770","10397975","Ifi27l1",1.04709603695939,8.43301040767164,6.17660381054707,4.62307097207461e-05,0.0141200114747996,2.37127965853726
"13816","10569152","Pddc1",0.840833814607592,8.63022772194829,6.17448106926101,4.63798591920763e-05,0.0141200114747996,2.36828390440025
"15139","10419676","Rab2b",0.807733892303875,6.86679341168554,6.16287232866142,4.72045905317948e-05,0.0141200114747996,2.35188803323147
"6442","10524941","Fbxo21",0.425460318718498,9.23248593346013,6.15383944501205,4.78570693032633e-05,0.0141200114747996,2.33911520840674
"1243","10415021","Abhd4",0.856669365306734,9.01374640303417,6.15266272145563,4.79427694359804e-05,0.0141200114747996,2.33745031037378
"13780","10534862","Pcolce",0.554626063284818,11.8436188394977,6.15127615694964,4.8043960918713e-05,0.0141200114747996,2.33548823047729
"6721","10402063","Foxn3",0.971760078862459,7.60756221487649,6.15053807757968,4.80979182290732e-05,0.0141200114747996,2.33444367325819
"9175","10421557","Itm2b",1.2818659886123,8.94814566915436,6.14858259260137,4.82411846617897e-05,0.0141200114747996,2.33167577400281
"11628","10488387","Napb",0.459388792788853,5.83228377817788,6.14663653752052,4.8384209204188e-05,0.0141200114747996,2.3289206102561
"14863","10469828","Psd4",-0.543047496223132,7.705010251833,-6.11454184843206,5.08089354548255e-05,0.0146216825364442,2.28339385291279
"17837","10461459","Syt7",0.640077156806881,7.27429870447218,6.08892987673011,5.28361770950657e-05,0.0149967888960241,2.24694367066143
"11390","10423155","Mtmr12",0.523223571259866,8.42205868928321,6.07254479173043,5.41778943025428e-05,0.0151379595734321,2.22356936053675
"15431","10364784","Reep6",0.860946476516185,11.1876238067626,6.06515552687625,5.47947378381954e-05,0.0151379595734321,2.21301394166765
"10130","10538087","Lrrc61",0.652563913696443,6.62214441913194,6.05604581841382,5.55654544416451e-05,0.0151488975793538,2.19998876184809
"4905","10405693","Dapk1",0.76001021383064,8.97826684322258,6.00065840988139,6.05053981414233e-05,0.0157782250817048,2.12050642420546
"1002","10541071","8430408G22Rik",1.78625330014286,6.89553010133762,6.00048995095002,6.05211130899585e-05,0.0157782250817048,2.12026392474692
"16385","10583242","Sesn3",0.885762028498415,7.24891563755492,5.99644546406935,6.08997091554747e-05,0.0157782250817048,2.11444044007997
"16098","10578916","Sc4mol",-0.930279513175686,9.31602470685211,-5.98535553644182,6.19507316939246e-05,0.0157782250817048,2.09845895106951
"11770","10408850","Nedd9",1.11656380444127,6.73536921856322,5.98026480022894,6.24396078536498e-05,0.0157782250817048,2.09111612328188
"679","10487748","4930402H24Rik",0.789294251802007,6.98100491898288,5.97694858685859,6.2760267082096e-05,0.0157782250817048,2.08633059470783
"19980","10392449","Wipi1",0.80025328453716,8.55161260202549,5.96977833018772,6.34595635210325e-05,0.0157782250817048,2.07597732895239
"14040","10380566","Phospho1",-0.743279620525287,6.37016364460216,-5.96463983076526,6.39657773582629e-05,0.0157782250817048,2.06855263838899
"11657","10503431","Nbn",-0.604979110400085,7.95535458849302,-5.94189524668297,6.62583003289733e-05,0.0161514350919568,2.03563735790761
"20530","10559764","Zfp787",0.472479207788376,6.99184813349977,5.90938351773508,6.96874142349362e-05,0.0164636589952043,1.98844199227789
"4055","10542156","Clec2d",0.798588921109538,3.94313772240789,5.90349962657405,7.03278186447238e-05,0.0164636589952043,1.97988241082844
"13947","10357535","Pfkfb2",-0.482293644097689,9.4087058744197,-5.87316084973347,7.37301617557041e-05,0.0164636589952043,1.93565818235341
"20613","10401365","Zfyve1",1.06117890161798,7.76756810457872,5.87116715864554,7.3959756234099e-05,0.0164636589952043,1.93274680169264
"5611","10507557","Ebna1bp2",-0.689545115100728,8.53379785309689,-5.85878320294298,7.54029376089331e-05,0.0164636589952043,1.91464814097891
"9476","10540028","Klf15",1.14607922510389,8.17102110604661,5.85058728774977,7.63744128536673e-05,0.0164636589952043,1.90265648487487
"18091","10596900","Tcta",0.581771819777937,6.74383364595809,5.84978890076399,7.64697518111071e-05,0.0164636589952043,1.90148776301942
"15770","10494023","Rorc",1.7898851568914,7.53767568242334,5.84609431827334,7.69125797292151e-05,0.0164636589952043,1.89607809087376
"19904","10598389","Wdr45",0.647494734042239,8.00665052740653,5.8387775682415,7.77975768253365e-05,0.0164636589952043,1.88535825778042
"6502","10411464","Fcho2",0.390007619955004,8.9557933294407,5.83759162184659,7.79420338908292e-05,0.0164636589952043,1.88361990153875
"10313","10578027","Mak16",-0.592306392616624,9.4810709068635,-5.8294827494387,7.89373842175852e-05,0.0164636589952043,1.87172784441473
"15158","10461408","Rab3il1",1.85167315614721,7.15725301412772,5.82670632384928,7.92812665037439e-05,0.0164636589952043,1.86765363518267
"10357","10391870","Map3k14",0.753874467080553,6.90259134932406,5.82424274602269,7.95877262351752e-05,0.0164636589952043,1.86403746344395
"6180","10423333","Fam134b",0.557258645816439,8.79924077001783,5.82106129401998,7.99853407197829e-05,0.0164636589952043,1.85936610424641
"5541","10551469","Dyrk1b",1.57762466773338,7.82696939358242,5.81901525054961,8.02421620878493e-05,0.0164636589952043,1.85636101180726
"10521","10372668","Mdm2",0.606462931781015,8.13244370411621,5.81893389576982,8.02523918202528e-05,0.0164636589952043,1.8562415093185
"13794","10460400","Pcx",1.02684252407082,6.69220509168678,5.79415679142115,8.34329917319407e-05,0.0169483489086844,1.8197964498103
"9650","10432907","Krt78",-0.689588499010846,6.46890755087391,-5.7783547065143,8.55308478251523e-05,0.0170557273259009,1.79650102300716
"18064","10456522","Tcf4",0.56238777177269,9.90339740809286,5.77778215171567,8.56078977747924e-05,0.0170557273259009,1.79565620464031
"17972","10472440","Tax1bp3",0.465264703652794,10.4806774776298,5.76579315387739,8.72382441070122e-05,0.0172150135037837,1.77795397033904
"15944","10587042","Rsl24d1",-0.521592769910546,9.48618884460229,-5.75835849652525,8.82657135994646e-05,0.0172534489224614,1.76696472378635
"10277","10424833","Maf1",0.522967540342942,8.0196930952569,5.75051382689441,8.9363721804199e-05,0.0173048253811496,1.75535974213973
"1017","10468131","9130011E15Rik",0.408262146498751,7.6082642181242,5.72504007256437,9.30298651377188e-05,0.0177491390666269,1.71760663145333
"12184","10433494","Nubp1",-0.613495116167414,9.29173934021504,-5.71814798680571,9.40488339976142e-05,0.0177491390666269,1.70737426006568
"13710","10359870","Pbx1",0.520928060718655,8.66772832473597,5.71128089430098,9.50758386686551e-05,0.0177491390666269,1.69717136092734
"9013","10354521","Inpp1",0.474898650428325,5.56715620156117,5.70465337705709,9.60782506865869e-05,0.0177491390666269,1.68731718975238
"3145","10509568","Camk2n1",1.04665852890657,7.28777031624022,5.70311703768049,9.63122117668742e-05,0.0177491390666269,1.68503185949342
"9938","10467139","Lipa",0.747907249443573,8.25223147090023,5.69816799266601,9.70699753798107e-05,0.0177491390666269,1.67766748074809
"7943","10374998","Gpr75",2.01859037978805,7.44790752654305,5.69106766682188,9.8168142695858e-05,0.0177491390666269,1.66709500003127
"15171","10588283","Rab6b",0.670961668802984,7.70997564962016,5.67912552341667,0.000100044857386636,0.0177491390666269,1.64929462631797
"14298","10587799","Plscr2",1.03434509454468,7.3548038648361,5.66652458144758,0.000102066235894553,0.0177491390666269,1.63048731571698
"8101","10439392","Gtf2e1",-0.421729544147714,7.61418039009758,-5.66364527549107,0.000102534143429209,0.0177491390666269,1.62618626211023
"14200","10430489","Pla2g6",0.894310533374151,7.40161948345123,5.65682991421466,0.000103650734823179,0.0177491390666269,1.61600027145626
"9512","10434302","Klhl24",2.06637767466342,7.0489902979318,5.65270666397702,0.000104332491471213,0.0177491390666269,1.60983417336999
"4405","10504349","Creb3",0.668543908163402,8.37763287097337,5.65063294280009,0.000104677157301155,0.0177491390666269,1.60673199876603
"10064","10373223","Lrp1",1.0355773545364,7.29210023591997,5.64326564316892,0.000105911402057094,0.0177491390666269,1.59570530782157
"11766","10371907","Nedd1",-0.506353989876958,7.95462359562699,-5.6413163215159,0.000106240535563594,0.0177491390666269,1.59278627941317
"19861","10393098","Wbp2",0.484223719654473,9.6299677726113,5.64012514899411,0.000106442190538222,0.0177491390666269,1.59100224628601
"11539","10587446","Myo6",0.649539743794893,6.51955710868624,5.63876369898505,0.00010667316684226,0.0177491390666269,1.58896290635837
"8816","10584803","Ift46",0.428485851911361,9.68827172098592,5.63638886768843,0.00010707733510272,0.0177491390666269,1.58540488939816
"16167","10389719","Scpep1",0.398294571668524,9.92259593451219,5.62219555809762,0.000109526806663283,0.0178687002714468,1.56412125058279
"8418","10404059","Hist1h1c",1.54706773593673,8.39307922450662,5.61686354498355,0.000110462221372468,0.0178687002714468,1.55611721747208
"13772","10344707","Pcmtd1",0.735888464991368,6.95095427137679,5.61609336895422,0.000110598031465468,0.0178687002714468,1.55496070617905
"20103","10557481","Ypel3",1.37333257800799,7.56796038888395,5.61242015049488,0.000111248182191923,0.0178687002714468,1.54944361513385
"17493","10528484","Srpk2",0.498696805236551,7.81313459240873,5.60610559990267,0.000112375285801941,0.0179030738060729,1.5399542230237
"16251","10494114","Selenbp1",1.77575871796908,7.67728621821139,5.60158110353578,0.000113190283233376,0.0179030738060729,1.53315094254604
"2130","10426507","Arid2",0.423274443988429,9.67496800945694,5.57744265114026,0.00011764500688404,0.0184667010805857,1.49679935070499
"20052","10512739","Xpa",0.519908320999301,7.48713635927094,5.57176650240407,0.000118719156520394,0.0184951949105457,1.48823767038564
"8039","10381588","Grn",0.889777795844523,11.9424913069877,5.56164038688812,0.000120661185358175,0.0186574609001596,1.47295096732334
"11224","10461663","Mrpl16",-0.434432236130061,9.39294513377618,-5.5566038570533,0.000121639563459512,0.0186627211684462,1.46534152420867
"2759","10500434","Bcl9",0.39720163412165,9.03346344836433,5.54940199409225,0.000123053132853634,0.0186627211684462,1.45445350377312
"13668","10468990","Parl",-0.618861609264526,8.86868026894433,-5.54305421054308,0.000124313431541081,0.0186627211684462,1.44484979971582
"9022","10378681","Inpp5k",0.923054966199075,9.00672375398915,5.53833187791952,0.000125259837342667,0.0186627211684462,1.43770107826249
"20663","10469849","Zmynd19",-0.747985779214131,9.63858405895552,-5.53151661563122,0.000126639106114055,0.0186627211684462,1.42737774242585
"13415","10584518","Olfr974",-0.348106801014455,5.04663671898737,-5.52191407710644,0.000128609702183654,0.0186627211684462,1.41281976019077
"8966","10407173","Il6st",0.896140295100338,8.46351425198788,5.52187546842412,0.000128617690253378,0.0186627211684462,1.41276119741415
"17179","10590445","Snrk",0.540687077073832,7.94054599927804,5.51698797797867,0.0001296331404617,0.0186627211684462,1.40534577781367
"9423","10518585","Kif1b",0.504209094022488,7.97718197513733,5.5157963167767,0.000129882005588295,0.0186627211684462,1.40353717932699
"8185","10450075","H2-K1",0.787639006622808,9.40900772299891,5.51401515428585,0.000130254921022463,0.0186627211684462,1.40083346300363
"2109","10582862","Arhgef12",1.03472348064863,4.50179754386001,5.51235736911377,0.00013060301975988,0.0186627211684462,1.39831657014499
"4086","10551852","Clip3",0.761094768214138,7.88501795815363,5.50272323245094,0.000132645485041735,0.0188247565072928,1.383681049544
"10523","10503723","Mdn1",-0.509495425165269,8.74632905356895,-5.48348129160236,0.000136826285721351,0.019257764899263,1.35440548823311
"5180","10479902","Dhtkd1",0.816918314738231,6.59084176848289,5.47663249168595,0.000138347686415999,0.019257764899263,1.3439711047863
"5150","10373542","Dgka",1.67879034385342,8.18763914431239,5.4760187460614,0.000138484892374044,0.019257764899263,1.3430356755461
"5968","10392183","Ern1",0.559016846167033,9.65638278431597,5.46317344549468,0.000141389677652102,0.0195306274730104,1.3234439130902
"10562","10564451","Mef2a",0.542788471532031,9.83462127008265,5.45394770606835,0.000143515526850192,0.0195439345936636,1.30935645391981
"3271","10393620","Cbx4",0.72076363670709,9.09123336795087,5.44269325416948,0.000146154539443556,0.0195439345936636,1.2921527864652
"11074","10604687","Mmgt1",-0.667992247976063,9.15165087528562,-5.44231202001122,0.000146244823939444,0.0195439345936636,1.29156967382263
"7058","10503508","Ggh",0.607282023102905,7.28210856194727,5.44083118162284,0.00014659607630567,0.0195439345936636,1.28930445307509
"1674","10449854","Akap8l",0.511953717930003,7.53634880071015,5.44065782422381,0.000146637254468563,0.0195439345936636,1.28903924744103
"2011","10367221","Apof",2.52735188232059,7.34974381325089,5.43584810230607,0.000147784596721137,0.0195439345936636,1.28167932476851
"18784","10539907","Tpra1",0.491196881347967,9.04188505542484,5.43457990556838,0.000148088693590984,0.0195439345936636,1.27973809212158
"14016","10474006","Phf21a",0.566579928303607,8.60679759939833,5.42814398481007,0.000149642136824152,0.0196239561708635,1.26988265169189
"18210","10532085","Tgfbr3",0.705498158011052,8.9737472117433,5.4050297869646,0.000155364267229028,0.0199367122176552,1.23443300089008
"15937","10390022","Rsad1",0.523523661711206,7.5265263016592,5.4021690128009,0.000156088342693146,0.0199367122176552,1.23003958407882
"19543","10590073","Vill",-0.598658175069152,8.13462874307895,-5.3975036236016,0.000157276808981843,0.0199367122176552,1.22287194477054
"19900","10449699","Wdr4",-0.465426347178234,7.68687723973689,-5.395049752869,0.00015790573164464,0.0199367122176552,1.21910056633657
"8022","10424781","Grina",0.560520327666804,10.8477203901459,5.39404066678332,0.000158165126608218,0.0199367122176552,1.21754941374471
"20362","10399038","Zfp386",0.440102917290734,8.39021920674088,5.39209148466486,0.000158667453407393,0.0199367122176552,1.21455270022525
"18085","10365344","Tcp11l2",1.60367384843699,6.03549410763526,5.39148396254583,0.000158824362102073,0.0199367122176552,1.21361855937166
"13681","10412345","Parp8",0.519712808191251,8.45500167300256,5.38801047866955,0.000159724624909786,0.0199367122176552,1.20827651795785
"2305","10460787","Atg2a",0.655857494803287,7.68157001131032,5.37663409473141,0.000162710984584277,0.0201878538957259,1.19076678369496
"990","10414433","6720456H20Rik",0.582075163916041,6.84943431681812,5.37210657647444,0.000163915785161131,0.020215791839521,1.18379262100898
"6723","10491962","Foxo1",0.699707694158223,8.12922361257059,5.36848045503774,0.000164887491355167,0.020215791839521,1.17820461587336
"5124","10566846","Dennd5a",1.16294118945127,9.87155922416934,5.35357457912244,0.000168946036598068,0.0204465776592178,1.15521210463847
"13495","10589940","Osbpl10",-0.419931540468813,7.58548126821902,-5.34834458968747,0.000170394858142767,0.0204465776592178,1.1471364209721
"16316","10406598","Serinc5",1.45499578195352,8.85132956473705,5.34637620395242,0.000170943526435705,0.0204465776592178,1.14409589158439
"11459","10529375","Mxd4",1.39395307487919,7.61235410224826,5.34315331001287,0.00017184589549597,0.0204465776592178,1.13911622008405
"4852","10509014","D4Wsu53e",0.943024870264233,8.52712811457909,5.33701665745438,0.000173577970099766,0.0204465776592178,1.12962996844061
"42","10371904","1110012L19Rik",0.422613069970899,7.25083109167889,5.33538154149225,0.000174042576293352,0.0204465776592178,1.12710134243201
"20196","10418171","Zcchc24",1.28683172706433,7.61706126849799,5.33426089541699,0.000174361755447595,0.0204465776592178,1.12536807408686
"11820","10575160","Nfat5",0.799546971020956,8.95917044950652,5.32683793655695,0.000176491556832158,0.0204465776592178,1.11388219383623
"16116","10531437","Scarb2",0.840249997180189,8.25664990142302,5.32617000417191,0.000176684538584307,0.0204465776592178,1.11284824406133
"17515","10453102","Srsf7",-0.413137690787897,10.1444893190629,-5.32547505678381,0.000176885561363244,0.0204465776592178,1.11177240049883
"5809","10587284","Elovl5",-0.490695413241195,10.024248568561,-5.32071186855085,0.000178269871718413,0.0204465776592178,1.10439648262514
"13489","10346255","Ormdl1",-0.854265566565075,7.79286419078205,-5.31954232298143,0.000178611513335831,0.0204465776592178,1.10258486276285
"19382","10453736","Unkl",0.41136001784208,7.63503144111471,5.30520585828199,0.000182855845830673,0.0207622458736123,1.08036018142128
"9014","10345580","Inpp4a",0.714712976626873,7.17190400647428,5.30348260259677,0.000183373117513082,0.0207622458736123,1.07768656848941
"17478","10357630","Srgap2",0.666731170646559,8.45620456781124,5.29229834511808,0.000186767950618399,0.0208325727799323,1.06032291504898
"9866","10577824","Letm2",0.664496551495029,6.29302294511592,5.29189873123261,0.000186890464802839,0.0208325727799323,1.05970214585892
"178","10593913","1700017B05Rik",0.400385228356628,8.25035255506659,5.289382163159,0.00018766394303493,0.0208325727799323,1.05579227361302
"11547","10467258","Myof",-0.424585630491491,10.6825930061825,-5.28700791039162,0.000188396767806532,0.0208325727799323,1.05210259415237
"8109","10441489","Gtf2h5",-0.412946928795671,9.20649400003336,-5.28289248751305,0.000189674153704773,0.0208325727799323,1.04570496425656
"15549","10399360","Rhob",0.873330473787769,8.0120629954678,5.27894516863739,0.000190907924206573,0.0208325727799323,1.0395661521433
"2620","10490632","BC006779",0.917651091253873,6.7485767264278,5.27854879695353,0.000191032279352661,0.0208325727799323,1.03894958509232
"7965","10436446","Gps1",-0.490611302209613,9.95789205779373,-5.27124597196059,0.000193338732174016,0.0209200693033738,1.02758541178245
"9300","10487392","Kcnip3",1.49157788733035,10.2871676291821,5.26962726270735,0.000193853924046707,0.0209200693033738,1.02506534646493
"8179","10444780","H2-D1",0.734175291001863,9.92176545828466,5.25841476673369,0.000197462438693211,0.0209300373581438,1.00759800610621
"19866","10526193","Wbscr16",0.4462383604879,6.45500617312444,5.25489883790168,0.000198608464242483,0.0209300373581438,1.00211665888569
"800","10492679","4930579G24Rik",-0.430972959842371,8.17760957479908,-5.25408667259806,0.000198874184660542,0.0209300373581438,1.00085021363954
"11642","10433219","Nat15",-0.379039396414901,9.5445361554946,-5.25387567309372,0.000198943279647892,0.0209300373581438,1.00052117582421
"5489","10393955","Dus1l",-0.5531406315588,8.33622727916079,-5.24617051194265,0.000201483823357021,0.0209300373581438,0.988500766507626
"8454","10494388","Hist2h2be",0.58454284993128,5.64461042784071,5.24419203057601,0.000202141656904443,0.0209300373581438,0.985412739151047
"1279","10491526","Acad9",-0.425254572360391,8.6340812965183,-5.2413175664923,0.000203101426497391,0.0209300373581438,0.980925160843347
"4136","10574471","Cmtm3",0.658257551950847,8.2902072510942,5.24054648693395,0.000203359700455265,0.0209300373581438,0.979721140231177
"19354","10532472","Ulk1",0.635819606312557,8.24536727223223,5.24007034977073,0.000203519355570798,0.0209300373581438,0.97897761787723
"3309","10579437","Ccdc124",-0.512607615175272,8.42860026453642,-5.23385415084579,0.000205615864246779,0.0209300373581438,0.96926731375558
"14920","10581560","Psmd7",-0.429893093074455,10.679768100429,-5.23163101410817,0.000206371153431597,0.0209300373581438,0.965793087815348
"5621","10479938","Echdc3",0.581694727550697,7.00562628458344,5.22920037517742,0.000207200278552546,0.0209300373581438,0.961993699360828
"18811","10533304","Trafd1",0.807862696248582,7.80391649654493,5.22652957226551,0.000208115366718408,0.0209300373581438,0.957817837250031
"6038","10545780","Exoc6b",0.509383295779163,9.18117965513122,5.22637104328718,0.000208169816375562,0.0209300373581438,0.957569938384046
"7099","10363173","Gja1",-1.20807881071217,7.07461877367221,-5.22367433922022,0.000209098346193811,0.0209300373581438,0.953352378261806
"9019","10481011","Inpp5e",0.422396311661588,7.50992368144453,5.21862222722994,0.000210849629425103,0.021003866931193,0.945447968712568
"8205","10444814","H2-Q4",0.545399717616872,5.43242151504178,5.20710042481909,0.000214901522170518,0.0213050695663786,0.927406298012054
"4414","10351347","Creg1",1.20119304233986,8.26106762713181,5.20083838852566,0.000217137956449375,0.0214242783696716,0.917592042231536
"10642","10382852","Mfsd11",0.856316413531119,7.8970058177932,5.19785596191161,0.000218211692417661,0.0214281813596869,0.912915642424378
"3481","10587012","Ccpg1",1.56232158153476,7.53283827388845,5.18895567524431,0.00022144928408627,0.0215043243067633,0.898951871448444
"6857","10579925","Gab1",0.874663896772036,7.52500669099038,5.18701194488717,0.000222163033351255,0.0215043243067633,0.895900684066572
"4360","10467887","Cpn1",-0.410116633796353,5.0031949896182,-5.18624786137813,0.000222444270910431,0.0215043243067633,0.89470109608025
"10058","10500876","Lrig2",0.52667537587837,7.15815418460168,5.1817047426736,0.00022412420828926,0.0215043243067633,0.887566657429755
"1218","10600235","Abcd1",0.875623279977806,6.40041602627011,5.17935957069182,0.000224996609420754,0.0215043243067633,0.883882579019031
"5734","10434348","Eif2b5",-0.402013231364414,9.08069783631927,-5.17877611710762,0.000225214207266778,0.0215043243067633,0.88296588677235
"18548","10547056","Tmem40",-0.533076889148009,7.31195219357827,-5.17030722946828,0.000228397681681258,0.0215515233887669,0.869654036007804
"10648","10354506","Mfsd6",0.482862491603276,6.96064270688488,5.17004366930673,0.000228497509921557,0.0215515233887669,0.869239578875992
"4877","10580155","D8Ertd738e",-0.335450022758531,8.73712778477818,-5.1688321328357,0.000228956991635921,0.0215515233887669,0.867334258360616
"4606","10576854","Ctxn1",0.808775909336426,7.98355785509593,5.16643482250655,0.000229869047727678,0.0215515233887669,0.863563459749719
"14251","10542522","Plekha5",0.666805652844102,6.50805819837966,5.15859104782515,0.000232879980120206,0.0217354648112192,0.85121951347202
"18199","10435075","Tfrc",-0.698756955032598,9.98354007519419,-5.14976074696057,0.000236319241656541,0.0217392083206099,0.837311605643333
"8671","10471586","Hspa5",0.400424089686048,11.5961642194734,5.14663237328958,0.000237550457987519,0.0217392083206099,0.832381447564488
"31","10530215","1110003E01Rik",0.775262580813475,10.6808788458101,5.14553562374119,0.00023798369311897,0.0217392083206099,0.830652666416462
"20471","10380560","Zfp652",0.471594896397736,9.04360214637199,5.1406979074104,0.000239904602737887,0.0217392083206099,0.823024858525638
"11025","10540248","Mitf",-0.378523051396695,7.68770375327411,-5.13565144591364,0.0002419257623649,0.0217392083206099,0.815064047615365
"6627","10444436","Fkbpl",0.500783635361273,7.23259069185028,5.13200108644088,0.000243398911043218,0.0217392083206099,0.809303133090719
"17458","10563659","Spty2d1",0.62572185179071,6.89878880098785,5.12767840486333,0.000245155575988692,0.0217392083206099,0.802478506529583
"8758","10524034","Idua",0.676396909213969,5.82134978287773,5.12746566993068,0.000245242370896918,0.0217392083206099,0.80214256707777
"1573","10570573","Agpat5",-0.397092412824971,8.5936621050129,-5.12504557034786,0.000246232035608061,0.0217392083206099,0.798320384247479
"19316","10490690","Uckl1",0.452466058412271,7.37589646616234,5.12440279560669,0.000246495593313492,0.0217392083206099,0.797305066037348
"18680","10491091","Tnfsf10",1.85561726345985,5.77090755239649,5.12421302046417,0.000246573463676751,0.0217392083206099,0.797005287590572
"6982","10418991","Gcap14",0.331743618134581,8.63671009558536,5.11747047801768,0.000249356959627097,0.0217392083206099,0.786350811106695
"8821","10533504","Ift81",0.358573110827693,6.18041672248169,5.11705324985853,0.000249530282688427,0.0217392083206099,0.785691281774847
"8207","10444830","H2-Q7",0.64497253011414,10.0046867520463,5.11599689680064,0.000249969674003334,0.0217392083206099,0.78402134173339
"9880","10416279","Lgi3",0.766590250889075,6.45967187121781,5.11353751288611,0.000250995808245316,0.0217392083206099,0.7801327466603
"4978","10568217","Dctpp1",-0.607112897090262,9.70216846923572,-5.111891264445,0.000251685146645148,0.0217392083206099,0.77752929894594
"16428","10359713","Sft2d2",0.845549604325702,8.58989807394127,5.11069928248119,0.000252185509290197,0.0217392083206099,0.775643986443364
"2009","10439009","Apod",0.825465331571115,4.97389977385395,5.11045623138152,0.000252287663879858,0.0217392083206099,0.775259534842265
"1713","10564417","Aldh1a3",-0.437266648517989,7.28717003694926,-5.10778745057164,0.00025341221683916,0.0217392083206099,0.771037530296657
"7796","10590004","Golga4",0.496402120275533,7.06185664886713,5.10434724761467,0.000254869596602393,0.0217392083206099,0.765593516116365
"18718","10382935","Tnrc6c",0.355167112506846,8.55805506711038,5.10190832666788,0.000255908130270771,0.0217392083206099,0.761732893563861
"14223","10391837","Plcd3",0.351202499838369,9.20423063342994,5.09578138430023,0.000258536733387534,0.0217392083206099,0.752030373480862
"8924","10345762","Il1r1",0.544402892517067,6.5012225066282,5.09533817648241,0.000258727976135263,0.0217392083206099,0.751328292853713
"7089","10582190","Gins2",-0.98915432846807,8.86079254597778,-5.08924104226736,0.000261373996607986,0.0217392083206099,0.741666818728552
"7838","10604564","Gpc4",1.09768635974768,9.22153891771601,5.0892191927542,0.000261383529728015,0.0217392083206099,0.741632185857849
"4571","10388241","Ctns",0.722206214592998,7.40712231615511,5.08890849183529,0.000261519130566495,0.0217392083206099,0.7411396971504
"4556","10503023","Cth",0.580544445701682,8.23031138827483,5.08511494925841,0.000263180734121284,0.0217392083206099,0.73512539534814
"2076","10362294","Arhgap18",0.525405293154969,7.25893921227654,5.08378723085502,0.000263764900834803,0.0217392083206099,0.733019900754324
"1842","10363786","Ank3",0.553532309056524,7.83730926884128,5.08355026025667,0.000263869305709807,0.0217392083206099,0.73264408448819
"4348","10388591","Cpd",0.345998675662479,9.5754173462884,5.08235681172292,0.000264395776872282,0.0217392083206099,0.730751240055715
"11035","10544186","Mkrn1",0.370959715023358,7.68685430970705,5.07479509059626,0.000267757238126629,0.0218328530915455,0.718753039931709
"15071","10488797","Pxmp4",0.792765945174817,7.20761395359498,5.07448407985373,0.000267896450484807,0.0218328530915455,0.718259370378425
"14581","10398459","Ppp2r5c",0.547478219694075,7.91987563905828,5.07137408321142,0.00026929270951337,0.0218328530915455,0.713322033807684
"5039","10512067","Ddx58",1.99645692477748,8.52493352218409,5.07036023041978,0.000269749536266199,0.0218328530915455,0.711712150849728
"20029","10374035","Xbp1",0.845056652186676,10.4694515584837,5.06479464842835,0.000272271831859541,0.0218853321884783,0.702871829931788
"1672","10368356","Akap7",0.649646410093763,6.73620720266752,5.06404128534831,0.000272615149636747,0.0218853321884783,0.701674829612503
"3905","10453692","Chmp3",-0.621822291875883,6.35389715041548,-5.06195853719086,0.000273566652355979,0.0218853321884783,0.698365148761869
"16436","10463462","Sfxn3",0.495705514332501,9.54205433493061,5.0576639552085,0.000275539649074757,0.021958390495496,0.691538559065727
"5736","10429327","Eif2c2",-0.457968719802437,9.59275917364778,-5.05058673181584,0.000278823678955486,0.0221349679232095,0.680282569798145
"15663","10478875","Rnf114",0.520715854193837,9.81916074969523,5.03786714858566,0.000284829573445259,0.0223813666506406,0.660033415142711
"3540","10362896","Cd24a",-0.571163843882379,10.7993155608765,-5.03784741543046,0.000284838995721593,0.0223813666506406,0.660001981407834
"7412","10576088","Gm22",-0.52085366757803,7.65184659608193,-5.03715882458278,0.000285167992073799,0.0223813666506406,0.658905060174005
"1740","10512847","Alg2",0.689503204058486,8.7456276692401,5.02994994254548,0.000288636296416366,0.0225297352844418,0.647417008192403
"14648","10529041","Preb",0.372009613469556,10.6715450636968,5.02760573495131,0.000289773642332475,0.0225297352844418,0.643679578245516
"8104","10421661","Gtf2f2",-0.557232245203954,8.62713394582116,-5.02648217135241,0.000290320430547585,0.0225297352844418,0.641887955155401
"5702","10363735","Egr2",1.6278078126668,7.18717676567333,5.01696493161787,0.000294995683934646,0.0228071289967383,0.626704147637986
"4301","10567303","Coq7",-0.406918543714783,6.9924801383787,-5.00991700213101,0.000298508766636396,0.0229583840586826,0.615450994510126
"948","10470388","5930434B04Rik",0.931261365408467,6.84648559108212,5.00739165737789,0.000299778193776189,0.0229583840586826,0.611417037742328
"15917","10552824","Rras",0.480365421566095,10.97789908107,5.00374749831998,0.000301620008673403,0.0229583840586826,0.605594192167443
"2021","10430174","Apol9a",1.7863825746973,7.49906683688004,5.00282541695286,0.0003020879216221,0.0229583840586826,0.604120518198571
"14126","10390473","Pip4k2b",-0.671381650292323,9.01106276415436,-5.00202989673293,0.000302492222394804,0.0229583840586826,0.602849011030757
"7063","10364056","Ggt1",0.997874028841577,7.615020129511,4.99287006845398,0.000307188540454364,0.0231715068772119,0.588201627425536
"2602","10580733","Bbs2",0.655507918018727,7.39716456493905,4.98717339037479,0.00031014777864608,0.0231715068772119,0.579085716672807
"4592","10410124","Ctsl",1.0430691961153,10.0673497286383,4.9868608976312,0.00031031097071806,0.0231715068772119,0.578585518862027
"5372","10421046","Dock5",-0.507643468630961,9.84446047400542,-4.98457418360487,0.000311507897168591,0.0231715068772119,0.574924794152455
"5388","10440953","Donson",-0.866545849176463,7.45546661812188,-4.98386277884755,0.000311881251579804,0.0231715068772119,0.573785768472855
"13475","10557754","Orai3",0.774945744223279,8.24227587037729,4.9836173676752,0.000312010155344697,0.0231715068772119,0.573392824426377
"1838","10518526","Angptl7",4.42268346790608,5.98427947445266,4.97635820881862,0.000315848445543124,0.0232580643346109,0.561765586459019
"7632","10450699","Gm7030",0.681985534067595,7.70658186435101,4.97345358373839,0.000317398107036167,0.0232580643346109,0.557110920397415
"14604","10525374","Pptc7",-0.501150539175049,8.22119985804025,-4.97341503902433,0.000317418724728941,0.0232580643346109,0.557049143868387
"5192","10453114","Dhx57",0.584208721484011,8.59818820440232,4.97051686145923,0.000318972997833675,0.0232580643346109,0.552403523332743
"19335","10348354","Ugt1a9",-0.339633118382742,5.60982653904326,-4.96984750995519,0.000319333099293384,0.0232580643346109,0.551330409164801
"7391","10386628","Gm16515",0.463971949102409,6.414480382957,4.96877564702686,0.000319910633946145,0.0232580643346109,0.549611841950069
"3504","10440600","Cct8",-0.502849280116973,10.4752659954427,-4.95624197721768,0.00032674578539166,0.023671932424179,0.529503176741573
"16518","10589350","Shisa5",0.365492582624009,9.9536488108212,4.94472298842499,0.000333162614158756,0.0240513082236107,0.511001583908798
"19292","10451495","Ubr2",0.336849263057346,8.92436878906004,4.93915865995682,0.000336309481932987,0.0240513082236107,0.502057118445113
"9098","10415319","Irf9",1.12493669380542,7.75476121368822,4.93838224353112,0.000336751048899478,0.0240513082236107,0.500808686494091
"11072","10492355","Mme",1.88728166502293,9.29484838227252,4.93665849518341,0.000337733559585867,0.0240513082236107,0.498036677309162
"14532","10402730","Ppp1r13b",0.685430901484166,7.51706087605914,4.93508776581275,0.000338631467388025,0.0240513082236107,0.49551035433961
"7126","10589889","Glb1",0.993343477470214,8.62351669311165,4.93453682025683,0.000338947007784475,0.0240513082236107,0.494624139266745
"7320","10469609","Gm13375",0.536959405702111,7.23070845586028,4.93202282280666,0.000340390752474011,0.0240612502740432,0.490579709595906
"256","10545835","1700040I03Rik",-0.493740937889006,7.13475820327362,-4.93025535911411,0.000341409632266829,0.0240612502740432,0.487735709987872
"10429","10411804","Mast4",1.00141909339924,6.88748531900799,4.92508762922274,0.000344407014373708,0.0241902147044855,0.479417709331924
"6404","10447589","Fbl",-0.619651432224265,10.3552334644867,-4.92176654084198,0.000346347850766061,0.0242211013597994,0.474069961731209
"4867","10541002","D6Wsu116e",0.34123031063778,8.4797689965277,4.91904125277246,0.000347949060997878,0.0242211013597994,0.469680363414109
"2390","10572146","Atp6v1b2",0.406887267226871,9.97073292651115,4.9183546670434,0.000348353677858119,0.0242211013597994,0.468574310570941
"17256","10421269","Sorbs3",0.665640448682344,8.66814753354396,4.91541208530721,0.000350093383319191,0.0242342611118663,0.463833171304382
"4702","10366803","Cyp27b1",0.498994225334476,5.50681937848217,4.91408297337449,0.000350882158955593,0.0242342611118663,0.461691258927621
"810","10591022","4931406C07Rik",0.494078703792029,8.4446257310146,4.91150297119741,0.000352418607456141,0.0242595134434925,0.457532738555702
"18325","10466374","Tle4",0.71353506929768,7.47393494350283,4.90305991660187,0.000357496088387539,0.024527546196655,0.443917044504917
"18707","10350173","Tnnt2",-0.957678044199485,8.33904352540825,-4.90035854370948,0.000359136771742271,0.0245587917838279,0.439558431983022
"17702","10548573","Styk1",-0.458199340655865,7.15217125272406,-4.89365299041169,0.000363243575840898,0.0246647363604812,0.428734458797454
"20133","10593225","Zbtb16",0.608797017257141,9.70757365800245,4.89139522958024,0.000364637380385108,0.0246647363604812,0.42508852076839
"18953","10352396","Trp53bp2",0.41461617898698,8.14600288099058,4.88874727129046,0.00036627920837374,0.0246647363604812,0.420811508587708
"2947","10357875","Btg2",2.21705118248819,8.27955758167816,4.88849855301196,0.000366433819730838,0.0246647363604812,0.420409722509646
"17919","10444068","Tapbp",1.2643964015779,9.75215918606087,4.8881703066857,0.000366637972926072,0.0246647363604812,0.419879450661477
"20153","10584057","Zbtb44",0.296825497023185,9.11077523933587,4.88579787876422,0.000368117053199161,0.0246810049660455,0.416046390704901
"9883","10474419","Lgr4",0.865436073099854,7.91336056433468,4.88276422901659,0.000370017477798616,0.0246810049660455,0.41114379781462
"17608","10367224","Stat2",0.996874083548764,6.95872896188767,4.88207081244145,0.000370453308129351,0.0246810049660455,0.410022995835511
"10485","10494306","Mcl1",0.441870878103929,9.22924166772589,4.87631828276339,0.000374089714550539,0.0248433938637409,0.40072216205698
"4384","10562989","Cpt1c",0.377939672290871,8.05995343037567,4.87369510589056,0.000375760319296659,0.0248746128301175,0.396479316810101
"3224","10583008","Casp12",0.712646143927465,4.10965944385683,4.86739948956395,0.000379801713179658,0.0250568901252123,0.386292347087669
"2312","10362922","Atg5",-0.383955749294132,7.42785136307302,-4.86560751561253,0.000380960349499286,0.0250568901252123,0.383391673218316
"10465","10380321","Mbtd1",0.472523458783468,8.11638602051645,4.86378618284375,0.000382141760596868,0.0250568901252123,0.380442989961129
"4322","10582201","Cox4nb",-0.396926510781846,8.58168098273756,-4.8600009706186,0.000384609330745388,0.025139133542727,0.374313277697165
"15054","10431792","Pus7l",-0.486759278821969,8.29087632248206,-4.85612131687814,0.000387155781797897,0.0251460163760242,0.368028434259591
"610","10535084","3110082I17Rik",-0.651513159273389,9.15249634914731,-4.85212152378246,0.000389799570469447,0.0251460163760242,0.361546647790421
"15000","10523595","Ptpn13",0.912994839386921,7.40255677670658,4.85152281275165,0.000390196930368192,0.0251460163760242,0.360576215508121
"19048","10607317","Tsr2",-0.664193548902606,8.94438656753758,-4.85145314001042,0.000390243199161913,0.0251460163760242,0.360463281676736
"19804","10461547","Vps37c",0.566181276160323,8.22025739922608,4.85064140299328,0.000390782686924701,0.0251460163760242,0.359147469487361
"5769","10434481","Eif4g1",-0.325532116234193,11.369628035262,-4.84488048257945,0.00039463394545595,0.0252780079288262,0.349806326561847
"10171","10540118","Lsm3",-0.67128830452449,10.3823045410956,-4.84248727903058,0.000396245496137258,0.0252780079288262,0.345924390442931
"16201","10593356","Sdhd",-0.401643801772204,10.0597070153475,-4.84195689890204,0.000396603578320166,0.0252780079288262,0.34506396445132
"13858","10394735","Pdia6",0.578991674587398,10.3017223325584,4.83817956176269,0.000399163633874276,0.0252780079288262,0.338934864048684
"18559","10517328","Tmem50a",0.723402175817725,10.2945986820471,4.83706796579172,0.000399920296736161,0.0252780079288262,0.337130791365817
"6463","10439063","Fbxo45",-0.418011635691392,7.67747044927095,-4.83508392166419,0.000401274567418673,0.0252780079288262,0.333910321889311
"14278","10452030","Plin3",0.791934672198488,8.38975141440761,4.83493885602324,0.000401373774545552,0.0252780079288262,0.333674830941145
"11605","10381211","Naglu",0.685568879372965,7.99082935445468,4.82777822467142,0.000406302809573757,0.0254493542882347,0.32204685142279
"10019","10539263","Loxl3",-0.546762035664379,9.81503469231626,-4.8274201059727,0.00040655097825317,0.0254493542882347,0.321465113646593
"47","10410115","1110018J18Rik",0.668272371927614,7.93475334290474,4.82392253054139,0.000408983079172048,0.0255138830231388,0.315782569427205
"15021","10412667","Ptprg",-0.307277034018412,9.20496011047075,-4.82143857846438,0.000410719580596371,0.0255138830231388,0.311745781483691
"1494","10344725","Adhfe1",1.80962719425449,7.07097388085361,4.81856571734643,0.000412737588175171,0.0255138830231388,0.307075833693804
"324","10577641","1810011O10Rik",0.912908559006974,9.15605122624052,4.81836380389473,0.000412879809512796,0.0255138830231388,0.306747570123434
"9622","10390860","Krt23",-0.508667346072083,5.32265590660398,-4.81536162263992,0.000415000508559199,0.0255138830231388,0.301866029893377
"6415","10557644","Fbrs",0.497622814621796,9.16255630912856,4.81377699377743,0.000416124460240204,0.0255138830231388,0.299288895970397
"16252","10494085","Selenbp2",1.37061379966574,6.87385206265759,4.8132717392351,0.000416483498326755,0.0255138830231388,0.298467106843299
"11077","10370037","Mmp11",0.562732250321743,7.2952683585846,4.80850212418768,0.000419888838794796,0.0255138830231388,0.290707562066073
"20604","10572733","Zfp961",-0.756550218849148,7.97164150495041,-4.80745870005993,0.000420637682990908,0.0255138830231388,0.289009604090387
"6638","10444895","Flot1",0.542872136398874,6.74584223711919,4.80275918277652,0.000424027786913224,0.0255138830231388,0.281360140671354
"17188","10553993","Snrpa1",-0.797450620254214,8.75203093034983,-4.80109175171559,0.000425237484922298,0.0255138830231388,0.278645269094213
"14700","10555179","Prkrir",-0.410653194441684,8.82949358507873,-4.80019194809507,0.000425891778968404,0.0255138830231388,0.277180062142678
"2203","10406672","Arsb",0.36091949648748,9.11529677141441,4.79923381930485,0.000426589641998685,0.0255138830231388,0.275619751131694
"19406","10440800","Urb1",-0.464210896168836,8.95556522965641,-4.79862435962929,0.000427034170549522,0.0255138830231388,0.274627177654441
"18564","10508405","Tmem54",-0.742677520349652,9.91091565505564,-4.79762145707926,0.000427766723938438,0.0255138830231388,0.272993720707908
"20222","10439542","Zdhhc23",-0.36803021406498,7.62407792302803,-4.7972405750493,0.000428045277110293,0.0255138830231388,0.272373328595667
"17549","10496796","Ssx2ip",-0.558295962956127,8.93980131996268,-4.79593172065493,0.000429003937924831,0.0255138830231388,0.270241266399692
"6584","10360443","Fh1",-0.3876229194823,9.39927268229061,-4.79439357071847,0.000430133415420643,0.0255138830231388,0.267735374309357
"17064","10555946","Smpd1",1.06597248643027,8.7986761952508,4.79179523248675,0.000432048468686856,0.0255138830231388,0.263501485284465
"11285","10442638","Mrps34",-0.472286739315007,7.471433639464,-4.78982885489185,0.000433503674532525,0.0255138830231388,0.260296699340753
"20657","10508228","Zmym6",0.551257994473715,6.96021970941708,4.78875144520784,0.000434303177897705,0.0255138830231388,0.258540507959768
"17234","10501762","Snx7",-0.855128285790418,8.80784064880295,-4.78825532334851,0.000434671848801544,0.0255138830231388,0.257731766432284
"19249","10543686","Ube2h",0.563830011311577,8.17139772419639,4.77910491734539,0.000441530569435679,0.0258391491973172,0.242809046528845
"5638","10488912","Edem2",1.39561909731995,9.5293228010674,4.77668196757412,0.000443365585001407,0.0258391491973172,0.238855606609247
"17264","10400718","Sos2",0.48109320218434,8.9610298795193,4.77589777478467,0.000443961198352246,0.0258391491973172,0.237575885546407
"7175","10560181","Gltscr2",0.352021834220784,10.1517327261759,4.77426822603071,0.000445201557115939,0.0258391491973172,0.23491634709233
"14421","10500362","Polr3gl",0.620707428883366,6.74450519159187,4.76996433904327,0.000448494987613207,0.0259575869925856,0.227890254779784
"10246","10406419","Lysmd3",0.590683087072608,7.79247973256903,4.76648662836898,0.000451174813687441,0.0259769631706354,0.222210940742618
"15513","10442968","Rgs11",1.11583139027779,6.77127745652422,4.76508411326959,0.000452260284564887,0.0259769631706354,0.219920054085038
"18379","10351404","Tmco1",-0.332147098029449,8.77034834936783,-4.76358291047907,0.000453425160042139,0.0259769631706354,0.217467655343702
"13552","10419744","Oxa1l",1.05235869601981,6.13103792871084,4.76228261340201,0.000454436675497034,0.0259769631706354,0.215343198144047
"13456","10434888","Opa1",-0.289110191153654,8.90002308558498,-4.76143368193091,0.000455098341261614,0.0259769631706354,0.213956061654938
"13514","10423654","Osr2",0.355420109420972,6.22803051736967,4.75595972132926,0.000459389056554213,0.0261498386038552,0.20500923086523
"14695","10433797","Prkdc",-0.353105657935868,7.29618272799444,-4.75243538602098,0.000462173935329841,0.0261909240256383,0.199246653626816
"5011","10581729","Ddx19a",-0.435887256161381,9.38783665303549,-4.75146182395604,0.000462946336577927,0.0261909240256383,0.197654485053712
"16279","10434645","Senp2",-0.354149059727346,8.60246954141697,-4.74996530061073,0.000464136275194105,0.0261909240256383,0.195206797259465
"1702","10360506","Akt3",0.319398973376982,9.6080366469988,4.74867226189,0.000465166990416743,0.0261909240256383,0.193091666364812
"10783","10460831","Mir192",0.462230471766939,4.3112412680821,4.74687411023981,0.000466604322947689,0.0262006546652469,0.190149881246652
"15455","10510552","Rere",0.37953141902506,9.31714550519687,4.74518915717737,0.000467955384570768,0.026205501535963,0.187392868454262
"15316","10344658","Rb1cc1",0.635228216799162,6.9013871911489,4.74170483069514,0.000470762240473775,0.0262276979042925,0.181690330360335
"13504","10515051","Osbpl9",0.459648078603509,9.91898683746,4.73877928358168,0.000473132550616033,0.0262276979042925,0.176900961134548
"7537","10350749","Gm5531",-0.408915434943181,6.56532379254444,-4.73301226828002,0.00047784164876694,0.0262276979042925,0.167456278733428
"15242","10438308","Ranbp1",-0.570722014878564,11.7340631903377,-4.73217792813809,0.000478526980219974,0.0262276979042925,0.166089479987351
"15717","10487879","Rnf24",0.519368843011727,7.12598003425523,4.72970936901477,0.000480560689533033,0.0262276979042925,0.16204495492088
"6654","10359571","Fmo1",0.883555211926858,5.92038540937508,4.72924087667722,0.00048094767305935,0.0262276979042925,0.161277271611422
"12108","10520734","Nrbp1",0.309117904182274,10.0058334122676,4.72896610121659,0.000481174794271757,0.0262276979042925,0.160827003056833
"20402","10527483","Zfp498",0.357244371518699,7.43253472214431,4.7283857172525,0.000481654890817527,0.0262276979042925,0.159875905074331
"5808","10595392","Elovl4",-0.549961619047711,10.5261604237734,-4.72603559158687,0.000483604049446319,0.0262276979042925,0.156024170295227
"4407","10544002","Creb3l2",0.38254174067489,9.90721936249023,4.72503351035494,0.000484437665201177,0.0262276979042925,0.154381571135032
"7091","10577623","Gins4",-0.49715075605366,10.0126787783009,-4.72403602263698,0.000485268950920057,0.0262276979042925,0.15274635934311
"2865","10557450","Bola2",-0.367948307452181,8.70403666570335,-4.72273614061043,0.000486354483133675,0.0262276979042925,0.150615210477191
"4297","10503584","Coq3",-0.393180536758266,7.45478916744247,-4.72246167876546,0.000486584010613505,0.0262276979042925,0.15016520110881
"1739","10495651","Alg14",-0.351637334568277,7.78255384651433,-4.72090963957356,0.000487884084246102,0.0262276979042925,0.147620265857011
"14226","10478219","Plcg1",0.437427962504273,8.41612287552791,4.72089845684947,0.000487893464670514,0.0262276979042925,0.147601927890999
"17736","10526897","Sun1",0.555286601310229,9.43739746034918,4.71934814811444,0.000489195738552443,0.0262276979042925,0.145059485010965
"14047","10528238","Phtf2",-0.364530577783204,7.77707894141274,-4.71854643123758,0.000489870612401602,0.0262276979042925,0.143744567851865
"9781","10478048","Lbp",1.89614445719089,10.2235592774421,4.7133285051777,0.000494286822450069,0.0263959354669212,0.135184273302727
"2318","10396125","Atl1",0.647436408972103,5.18390548171467,4.71071820909044,0.000496511644379166,0.0264465842455947,0.130900486060537
"19093","10425999","Ttc38",1.29171921492918,7.06058897959171,4.70696981081764,0.000499724813955679,0.0264822850337453,0.12474725311988
"8779","10462613","Ifit2",0.523133438848084,8.24627198006081,4.70695436308304,0.000499738100781583,0.0264822850337453,0.124721890558773
"16834","10376216","Slc36a1",0.749766773755788,9.07928418666453,4.7036612176412,0.000502579026034196,0.0265496099642512,0.119314331169762
"11994","10510629","Nol9",-0.497875773018396,10.3560692783505,-4.70159710920789,0.000504368283973481,0.0265496099642512,0.115924146611528
"459","10514070","2310067E19Rik",-0.367663713683157,6.06677859152558,-4.70021682319437,0.000505568486597071,0.0265496099642512,0.11365676590133
"19267","10428018","Ube2v2",-0.374642029416282,9.07931948742117,-4.69956767374727,0.000506133973739344,0.0265496099642512,0.112590321910277
"19020","10515282","Tspan1",0.555683607158643,4.9420616147732,4.69371582098643,0.000511261559762028,0.0267508573693667,0.102974013996591
"9746","10604187","Lamp2",0.390136037492038,10.7320430914454,4.69195245544697,0.000512817293955197,0.0267646708583166,0.100075338393115
"14400","10504518","Polr1e",-0.544669192632734,7.92724311612954,-4.68851467087527,0.000515864520895436,0.0268517547168734,0.0944229372104246
"12183","10520250","Nub1",0.434744146944974,9.19275358409832,4.68582578339845,0.000518261107699207,0.0268517547168734,0.090000708939372
"18872","10499045","Trim2",0.64849084715076,6.88451190126481,4.68563404089963,0.000518432449987462,0.0268517547168734,0.089685324279932
"11658","10381419","Nbr1",0.686015672031344,8.93640315241011,4.68397967916338,0.000519913257273225,0.0268517547168734,0.0869639578378774
"10496","10568417","Mcmbp",-0.426532204194295,9.53001376206222,-4.68280708590063,0.000520965511398798,0.0268517547168734,0.0850348498161377
"20171","10593492","Zc3h12c",0.505773535652969,8.81984931414285,4.67982501406518,0.000523651575248076,0.0268931934429656,0.080127980326882
"7980","10562260","Gramd1a",0.92668114080529,7.90895723440269,4.67903526096058,0.00052436535477597,0.0268931934429656,0.0788282662102269
"9210","10404848","Jarid2",0.712832168125299,8.12786807272134,4.67341605052096,0.000529473422158232,0.0269464720149155,0.0695780742798666
"11727","10430846","Ndufa6",0.507917773281662,9.39841337603863,4.67319362064734,0.000529676684888583,0.0269464720149155,0.0692118249114371
"17576","10495059","St7l",0.452627733330405,7.53750517126845,4.67100998978698,0.000531676480053158,0.0269464720149155,0.0656159252538933
"8154","10485131","Gyltl1b",0.580807310018833,6.66276448190558,4.67073970084404,0.000531924561591122,0.0269464720149155,0.065170779677536
"2943","10413803","Btd",0.729447798558663,6.81367297910732,4.66950783926163,0.000533056742836263,0.0269464720149155,0.0631418663403087
"18859","10424370","Trib1",0.661189866271833,8.75538862637944,4.66853122755611,0.000533956116490226,0.0269464720149155,0.0615332059267244
"10280","10425283","Maff",0.762534565834023,7.08286696724948,4.66793309965147,0.000534507721917483,0.0269464720149155,0.0605479123755739
"5470","10454254","Dtna",0.581967049549357,8.62311748677177,4.66471941146689,0.000537481651409367,0.0270202398630187,0.0552531585371367
"4778","10527920","Cyp51",-1.11231249155288,8.25438383438915,-4.66353816742719,0.000538579105377737,0.0270202398630187,0.0533066206881632
"3692","10528583","Cdk5",0.535247735616517,9.20810418009738,4.66053514416569,0.000541379659003022,0.0270951365568662,0.0483571456434024
"14738","10574996","Prmt7",-0.510650696386746,8.85382424238296,-4.65581276155041,0.000545814438769028,0.0272095304957601,0.0405713317631822
"11981","10532390","Noc4l",-0.498422184641102,9.68448224159505,-4.65496142267419,0.000546617955403891,0.0272095304957601,0.0391673937516908
"11645","10588696","Nat6",0.584606563135465,7.01336303667931,4.65391748963526,0.000547604933239959,0.0272095304957601,0.0374457116105944
"1892","10430438","Ankrd54",-0.323381150891491,8.08941858048392,-4.65174029232073,0.000549669336335347,0.027246767102556,0.0338545301889051
"6956","10579125","Gatad2a",-0.303430593468045,9.89921255622743,-4.645272088362,0.000555850492755992,0.0274772045416306,0.0231816406719378
"11434","10601980","Mum1l1",1.21536843921736,9.13789798587887,4.64263322674106,0.000558393042222645,0.0274772045416306,0.0188257006431387
"19050","10559270","Tssc4",-0.301750554696393,7.47872097147226,-4.64145042708396,0.000559536609125327,0.0274772045416306,0.0168729515953965
"18187","10588007","Tfdp2",0.512137592514827,8.44724607908163,4.64136158587534,0.000559622602150971,0.0274772045416306,0.0167262708957514
"18957","10477644","Trp53inp2",1.32180451984933,8.42250296760441,4.63693030308892,0.000563929369653357,0.0276232069485049,0.00940863773777512
"7062","10407833","Ggps1",0.568845679596741,7.97886680579263,4.63515277158906,0.000565666661003527,0.0276369020665328,0.00647253056749619
"14646","10359422","Prdx6",0.470112800557073,9.41557415811325,4.63336892985692,0.000567415735257462,0.0276369020665328,0.00352555923193876
